"response","n","k","shape","method","n_valid","emp_sd","robust_sd","sd_over_robust","ex_kurtosis","sd_mcse_rel","se_ratio_readable"
"bin_10",200,3,"congeneric","alpha",1000,0.179720030424965,0.16797490541083,1.06992190283072,0.265435640544919,0.0237982963704596,TRUE
"cont_kurt8",200,3,"congeneric","alpha",1000,0.178821234576023,0.182595320670719,0.97933087178339,-0.275468391956138,0.0207637400776201,TRUE
"cont_normal",200,3,"congeneric","alpha",1000,0.11772595842838,0.116820857260163,1.00774777029928,0.021277019864768,0.0224793072617061,TRUE
"lik5_sev",200,3,"congeneric","alpha",1000,0.149894666181512,0.157060157155893,0.954377411151651,0.0100990453304823,0.0224170640658544,TRUE
"lik5_skew",200,3,"congeneric","alpha",1000,0.132997418827327,0.131679105390166,1.01001156131229,0.14694407569812,0.0231675639402275,TRUE
"lik5_sym",200,3,"congeneric","alpha",1000,0.118947637270185,0.119470239571755,0.995625669594015,-0.112432008070268,0.0217230752422955,TRUE
"lik7_skew",200,3,"congeneric","alpha",1000,0.128692865095057,0.129832950250522,0.99121883040272,-0.247869184576031,0.0209292308472144,TRUE
"bin_10",1000,3,"congeneric","alpha",1000,0.0791641836790511,0.0791082972297111,1.00070645496487,-0.216085777622324,0.0211182043648228,TRUE
"cont_kurt8",1000,3,"congeneric","alpha",1000,0.0804325639644171,0.0816682827481289,0.984869049009848,0.114098523355595,0.0229896635651525,TRUE
"cont_normal",1000,3,"congeneric","alpha",1000,0.0562182531883898,0.0538370841302638,1.04422916093235,0.198716459938055,0.02344523650946,TRUE
"lik5_sev",1000,3,"congeneric","alpha",1000,0.0672442965895627,0.0688343075538648,0.976900894033722,0.0916758781430711,0.0228674215760275,TRUE
"lik5_skew",1000,3,"congeneric","alpha",1000,0.0599780132450857,0.057833772897081,1.0370759201863,0.066697055616519,0.0227304699446388,TRUE
"lik5_sym",1000,3,"congeneric","alpha",1000,0.0542614079215119,0.0557358964947231,0.973545081967941,-0.020322844310837,0.0222467815407598,TRUE
"lik7_skew",1000,3,"congeneric","alpha",1000,0.0574107989460745,0.0569646261477345,1.00783245372633,-0.017601218144681,0.0222620685351526,TRUE
"bin_10",200,8,"congeneric","alpha",1000,0.170055914147301,0.165154226604995,1.02967945564015,0.179449216465834,0.0233422857517523,TRUE
"cont_kurt8",200,8,"congeneric","alpha",1000,0.206647326150603,0.209215249237937,0.987725927738598,0.002208932110491,0.0223730246732002,TRUE
"cont_normal",200,8,"congeneric","alpha",1000,0.100939031544848,0.0954522144894048,1.05748234427868,0.222282417090404,0.0235705452688859,TRUE
"lik5_sev",200,8,"congeneric","alpha",1000,0.137133091621424,0.141889944449191,0.966475053279975,0.0458597008173909,0.0226155903129754,TRUE
"lik5_skew",200,8,"congeneric","alpha",1000,0.113334238491408,0.113844079238459,0.995521587504053,-0.208933016131107,0.0211604996625132,TRUE
"lik5_sym",200,8,"congeneric","alpha",1000,0.10285208754414,0.108486895824562,0.948060010035362,-0.232501121713435,0.0210208163393252,TRUE
"lik7_skew",200,8,"congeneric","alpha",1000,0.109646696636346,0.107185463972207,1.02296237356194,0.169805572845438,0.0232905859353379,TRUE
"bin_10",1000,8,"congeneric","alpha",1000,0.0748017884159087,0.0748422567586509,0.99945928484128,-0.0186419348664795,0.022256224214439,TRUE
"cont_kurt8",1000,8,"congeneric","alpha",1000,0.0887000936808379,0.0946868344944267,0.936773249992413,-0.29153982697085,0.0206667617990165,TRUE
"cont_normal",1000,8,"congeneric","alpha",1000,0.0458661234198735,0.0457551239834314,1.00242594548497,-0.250995581117063,0.0209105500817347,TRUE
"lik5_sev",1000,8,"congeneric","alpha",1000,0.0585917367668085,0.0583655644191619,1.00387509912561,0.00864706758473544,0.022408966216588,TRUE
"lik5_skew",1000,8,"congeneric","alpha",1000,0.0491305713064187,0.0483033005143843,1.01712658934741,-0.0668505302104627,0.0219837978394859,TRUE
"lik5_sym",1000,8,"congeneric","alpha",1000,0.0459486938793726,0.0463139303923858,0.992113895108472,0.054329225090799,0.0226623543850302,TRUE
"lik7_skew",1000,8,"congeneric","alpha",1000,0.0491933893578265,0.0484942320394718,1.01441732942148,0.025981381473033,0.0225054514588857,TRUE
"bin_10",200,20,"congeneric","alpha",1000,0.171775296461005,0.16675989712102,1.03007557228429,-0.15281547390411,0.0214894423269654,TRUE
"cont_kurt8",200,20,"congeneric","alpha",1000,0.210577650277568,0.208887403879455,1.00809166262169,-0.0297704205680498,0.0221936341066079,TRUE
"cont_normal",200,20,"congeneric","alpha",1000,0.0993636021319621,0.0986413696959282,1.00732180056157,0.085009197472306,0.0228309504700982,TRUE
"lik5_sev",200,20,"congeneric","alpha",1000,0.131798916994626,0.12978586704717,1.01551054820726,-0.0155840637701736,0.0222733918399838,TRUE
"lik5_skew",200,20,"congeneric","alpha",1000,0.102733005839374,0.103792191593267,0.989795130658342,0.0401819093791609,0.0225841864441646,TRUE
"lik5_sym",200,20,"congeneric","alpha",1000,0.0941867987205158,0.0954517286178931,0.986747962392165,-0.13379475911521,0.0215997988467763,TRUE
"lik7_skew",200,20,"congeneric","alpha",1000,0.108118005731268,0.111048274198463,0.973612660904949,0.0860525627048299,0.0228366622052394,TRUE
"bin_10",1000,20,"congeneric","alpha",1000,0.0745915174427574,0.0714259705740628,1.04431926991335,0.126318905158413,0.023056012801211,TRUE
"cont_kurt8",1000,20,"congeneric","alpha",1000,0.0941566566176194,0.0952161445254394,0.988872812346052,-0.272774246202431,0.0207799528019048,TRUE
"cont_normal",1000,20,"congeneric","alpha",1000,0.0450887144090273,0.0450157170487102,1.001621597191,0.0932995883694798,0.0228762955281744,TRUE
"lik5_sev",1000,20,"congeneric","alpha",1000,0.0574022032577295,0.0593889298600841,0.96654718973662,-0.258977449109797,0.0208627811598203,TRUE
"lik5_skew",1000,20,"congeneric","alpha",1000,0.0472608539885007,0.0468365896898842,1.00905839433284,0.192022113645111,0.0234095179021542,TRUE
"lik5_sym",1000,20,"congeneric","alpha",1000,0.0443279403587542,0.0434227978019025,1.02084486957706,-0.0182866058125866,0.0222582197973435,TRUE
"lik7_skew",1000,20,"congeneric","alpha",1000,0.0460235441873646,0.0471844703141339,0.975396012309974,-0.0925782384250837,0.0218370199522217,TRUE
"bin_10",200,3,"congeneric","omega",1000,0.177600169464872,0.167775747967305,1.05855686305437,0.446780683169588,0.0247324719911374,TRUE
"cont_kurt8",200,3,"congeneric","omega",1000,0.188105214802686,0.182190567895452,1.03246406757252,-0.0867729115443119,0.0218702256987422,TRUE
"cont_normal",200,3,"congeneric","omega",1000,0.114051867579837,0.117354398543996,0.971858481615233,-0.0171940829919901,0.0222643544539697,TRUE
"lik5_sev",200,3,"congeneric","omega",1000,0.146036129352765,0.149334586501817,0.97791230265996,-0.173087958301607,0.0213711958117602,TRUE
"lik5_skew",200,3,"congeneric","omega",999,0.1209060582721,0.117022120147086,1.03318977745517,0.0745331759667054,0.0227849170820987,TRUE
"lik5_sym",200,3,"congeneric","omega",1000,0.112856326010437,0.116121685672655,0.97187984618633,-0.267073278371421,0.0208142182271433,TRUE
"lik7_skew",200,3,"congeneric","omega",1000,0.119175342679388,0.115527553236608,1.03157506015304,-0.0410716949812548,0.0221298910131678,TRUE
"bin_10",1000,3,"congeneric","omega",1000,0.0933367699068931,0.0913921792859189,1.02127742916482,-0.173566654809064,0.0213683957352379,TRUE
"cont_kurt8",1000,3,"congeneric","omega",1000,0.0874331070124609,0.0890609390714378,0.981722267068494,0.14681408420122,0.0231668625638066,TRUE
"cont_normal",1000,3,"congeneric","omega",1000,0.0530608276551981,0.0523316812188426,1.01393317430996,0.174270098226323,0.0233145346202016,TRUE
"lik5_sev",1000,3,"congeneric","omega",1000,0.0689638673590224,0.0679362878469979,1.01512563527667,-0.0951973161643362,0.0218220226138394,TRUE
"lik5_skew",1000,3,"congeneric","omega",1000,0.0585304183698486,0.0582452130275074,1.00489663145719,-0.128509458677299,0.0216303637355148,TRUE
"lik5_sym",1000,3,"congeneric","omega",1000,0.0532670574456914,0.0520681222101166,1.02302628143063,0.0805187756197645,0.022806352051675,TRUE
"lik7_skew",1000,3,"congeneric","omega",1000,0.0538240391782524,0.0531284592487962,1.01309241674408,-0.03915647628591,0.0221407064234302,TRUE
"bin_10",200,8,"congeneric","omega",1000,0.175035258957785,0.17061097366111,1.02593200895426,0.211745262216156,0.0235145979245668,TRUE
"cont_kurt8",200,8,"congeneric","omega",1000,0.217433704532891,0.221790257499467,0.980357329417025,0.0769237325748868,0.0227866393560727,TRUE
"cont_normal",200,8,"congeneric","omega",1000,0.102081716142725,0.0974797345083973,1.04720962421098,0.23616388012423,0.0236440472430389,TRUE
"lik5_sev",200,8,"congeneric","omega",1000,0.139808978504997,0.142799927153582,0.979054970767822,0.0802130037913691,0.022804676076363,TRUE
"lik5_skew",200,8,"congeneric","omega",1000,0.114230697118635,0.119427675801834,0.956484301914891,-0.211702515423181,0.0211441332559224,TRUE
"lik5_sym",200,8,"congeneric","omega",1000,0.103064387077797,0.110864802575974,0.929640288739688,-0.264182109285018,0.0208315739366651,TRUE
"lik7_skew",200,8,"congeneric","omega",1000,0.10900660825744,0.107316129486519,1.01575232706406,0.149194043277405,0.0231797004040033,TRUE
"bin_10",1000,8,"congeneric","omega",1000,0.0764329069407516,0.076131770829825,1.00395545916829,-0.0554766844023513,0.0220483747450784,TRUE
"cont_kurt8",1000,8,"congeneric","omega",1000,0.0926416599432494,0.100192876263242,0.924633201464815,-0.275185127718178,0.0207654452894816,TRUE
"cont_normal",1000,8,"congeneric","omega",1000,0.0465574495744881,0.0469425679963083,0.991795966044071,-0.121643427565544,0.0216700056093351,TRUE
"lik5_sev",1000,8,"congeneric","omega",1000,0.059600507155179,0.0596132038128575,0.999787016015472,-0.00343966168461352,0.022341443207162,TRUE
"lik5_skew",1000,8,"congeneric","omega",1000,0.0490757947708545,0.0498333510951962,0.984798206267634,-0.0875478696536693,0.0218657959513616,TRUE
"lik5_sym",1000,8,"congeneric","omega",1000,0.0461198873741568,0.0466101521988929,0.989481587130547,0.0375995632197093,0.0225698890295218,TRUE
"lik7_skew",1000,8,"congeneric","omega",1000,0.0494668029676225,0.0484004790692899,1.02203126743448,-0.00689301314240076,0.0223221134016114,TRUE
"bin_10",200,20,"congeneric","omega",1000,0.178027755604163,0.170893956890032,1.0417440080618,-0.104927555783445,0.0217662148995671,TRUE
"cont_kurt8",200,20,"congeneric","omega",1000,0.220048376357751,0.217154219880202,1.01332765478445,0.00528164902654105,0.0223901856235413,TRUE
"cont_normal",200,20,"congeneric","omega",1000,0.102193615414316,0.0998175995243172,1.02380357673718,0.087550939130483,0.0228448623279419,TRUE
"lik5_sev",200,20,"congeneric","omega",1000,0.136289858985176,0.133586022617667,1.02024041373885,-0.00289051132888041,0.0223445154829497,TRUE
"lik5_skew",200,20,"congeneric","omega",1000,0.104964516667338,0.107822709342951,0.973491737565952,0.0164468409324341,0.0224524321674314,TRUE
"lik5_sym",200,20,"congeneric","omega",1000,0.0962001950833557,0.0997266589869177,0.964638704039763,-0.164328598283895,0.0214223679930354,TRUE
"lik7_skew",200,20,"congeneric","omega",1000,0.110153134633827,0.113628536103236,0.969414360260249,0.0713469887335059,0.0227560266123807,TRUE
"bin_10",1000,20,"congeneric","omega",1000,0.0766251404593695,0.0734950019010575,1.04258981532548,0.108852283522433,0.0229611208541876,TRUE
"cont_kurt8",1000,20,"congeneric","omega",1000,0.0981231759161286,0.0992854141546616,0.988293967966709,-0.277933171487878,0.020748896527961,TRUE
"cont_normal",1000,20,"congeneric","omega",1000,0.0464381405249177,0.0463388193189167,1.00214336937067,0.06467488814907,0.0227193468664323,TRUE
"lik5_sev",1000,20,"congeneric","omega",1000,0.0592193766447645,0.0625624633796549,0.946564016915332,-0.256047323987231,0.0208803297149061,TRUE
"lik5_skew",1000,20,"congeneric","omega",1000,0.0480472922087302,0.0476586957636095,1.00815373645658,0.171474507458389,0.0232995413445114,TRUE
"lik5_sym",1000,20,"congeneric","omega",1000,0.0452391223188578,0.0445649953140986,1.01512682768186,0.00472880039071377,0.0223870989656471,TRUE
"lik7_skew",1000,20,"congeneric","omega",1000,0.0468781985881143,0.0476523626568842,0.983753920569601,-0.0741188058580757,0.0219424314636159,TRUE
