"response","n","k","shape","method","target","n_sim","n_valid","n_valid_se","n_valid_ci","nonest_rate","bias","bias_mcse","emp_se","emp_se_mcse","mod_se","se_ratio","se_ratio_mcse","rmse","coverage","coverage_mcse","ci_width","study","nrep"
"q2_d00",200,8,"congeneric","alpha","centred",1000,1000,1000,1000,0,-4.70829294605887e-17,0.00318204440822005,0.10062507945778,0.00225117104614937,0.107443061870051,1.06775629345099,0.0238877033947506,0.100574754333623,0.958,0.00634318531969546,0.421169063308016,"11e_floor_sweep",1000
"q2_d04",200,8,"congeneric","alpha","centred",1000,1000,1000,1000,0,1.01470691387089e-16,0.00341359194717013,0.107947255554668,0.00241498180697503,0.107443061870051,0.995329258886423,0.0222673753011103,0.107893268426733,0.95,0.00689202437604511,0.421169063308016,"11e_floor_sweep",1000
"q2_d08",200,8,"congeneric","alpha","centred",1000,1000,1000,1000,0,1.01357500680282e-16,0.00404514177396261,0.127918614640158,0.00286177842634439,0.107443061870051,0.839932969664294,0.0187908699521363,0.127854639335012,0.896,0.00965318600255895,0.421169063308016,"11e_floor_sweep",1000
"q2_d12",200,8,"congeneric","alpha","centred",1000,1000,1000,1000,0,8.32667268468867e-17,0.0049372510420651,0.156129586729655,0.00349291058438904,0.107443061870051,0.688165927551533,0.0153955576422729,0.156051502410328,0.819,0.0121753439376471,0.421169063308016,"11e_floor_sweep",1000
"q2_d16",200,8,"congeneric","alpha","centred",1000,1000,1000,1000,0,2.4331258579105e-17,0.00661868900738331,0.209301323876503,0.00468246169613421,0.107443061870051,0.513341530192361,0.0114844092127145,0.209196647038809,0.665,0.0149256490646136,0.421169063308016,"11e_floor_sweep",1000
"q3_d00",200,8,"congeneric","alpha","centred",1000,1000,1000,1000,0,5.10692621749783e-17,0.0033388151074286,0.105582604256542,0.00236208013906813,0.107443061870051,1.01762087255386,0.0227660803508901,0.105529799749985,0.945,0.00720936890441875,0.421169063308016,"11e_floor_sweep",1000
"q3_d04",200,8,"congeneric","alpha","centred",1000,1000,1000,1000,0,2.79822958424228e-17,0.00346611850316929,0.109608291100685,0.00245214227579621,0.107443061870051,0.980245753228235,0.0219299290958987,0.109553473247244,0.936,0.0077397674383666,0.421169063308016,"11e_floor_sweep",1000
"q3_d08",200,8,"congeneric","alpha","centred",1000,1000,1000,1000,0,-5.41524561737533e-17,0.00370552280939615,0.117178919993978,0.00262151138991327,0.107443061870051,0.916914594157142,0.0205130927327559,0.117120315879288,0.931,0.00801492358042171,0.421169063308016,"11e_floor_sweep",1000
"q3_d12",200,8,"congeneric","alpha","centred",1000,1000,1000,1000,0,-3.71643125616442e-17,0.00458695611583715,0.145052288532845,0.0032450907257157,0.107443061870051,0.740719522296413,0.0165712797534826,0.144979744247971,0.86,0.0109726933794762,0.421169063308016,"11e_floor_sweep",1000
"q3_d16",200,8,"congeneric","alpha","centred",1000,1000,1000,1000,0,-8.11628325311786e-18,0.00577560223854926,0.182640579329828,0.00408601102483372,0.107443061870051,0.58827595852081,0.0131608323899359,0.182549236198669,0.756,0.0135817524642441,0.421169063308016,"11e_floor_sweep",1000
"q5_d00",200,8,"congeneric","alpha","centred",1000,1000,1000,1000,0,9.28197812664552e-17,0.00344906401891256,0.109068980954978,0.00244007690013188,0.107443061870051,0.98509274524534,0.0220383653639605,0.109014432824057,0.955,0.00655553201502365,0.421169063308016,"11e_floor_sweep",1000
"q5_d04",200,8,"congeneric","alpha","centred",1000,1000,1000,1000,0,1.70882866233971e-17,0.00335363921230366,0.106051383613325,0.00237256760919695,0.107443061870051,1.01312267892515,0.0226654473545089,0.105998344658463,0.947,0.00708456067798138,0.421169063308016,"11e_floor_sweep",1000
"q5_d08",200,8,"congeneric","alpha","centred",1000,1000,1000,1000,0,4.95330772926073e-17,0.00365955825065392,0.115725393021278,0.00258899327560845,0.107443061870051,0.928431168518873,0.0207707400200291,0.115667515851856,0.937,0.00768316341099159,0.421169063308016,"11e_floor_sweep",1000
"q5_d12",200,8,"congeneric","alpha","centred",1000,1000,1000,1000,0,-1.02598837628878e-16,0.00418760918823755,0.132423829854794,0.00296256850872256,0.107443061870051,0.811357457248174,0.0181515823458389,0.132357601378607,0.882,0.0102017645532525,0.421169063308016,"11e_floor_sweep",1000
"q5_d16",200,8,"congeneric","alpha","centred",1000,1000,1000,1000,0,-6.23848303744901e-17,0.00507267671130797,0.160412122414256,0.00358871890960204,0.107443061870051,0.669793904930605,0.0149845411679874,0.160331896291501,0.818,0.0122014753206323,0.421169063308016,"11e_floor_sweep",1000
"q7_d00",200,8,"congeneric","alpha","centred",1000,1000,1000,1000,0,-1.07915995475709e-16,0.00330605631703849,0.104546680346294,0.00233890458556467,0.107443061870051,1.02770419408979,0.0229916630944071,0.104494393931247,0.958,0.00634318531969546,0.421169063308016,"11e_floor_sweep",1000
"q7_d04",200,8,"congeneric","alpha","centred",1000,1000,1000,1000,0,-5.68412640089902e-17,0.00326864594273736,0.103363660437184,0.00231243821971674,0.107443061870051,1.03946649543575,0.0232548077534602,0.103311965680043,0.957,0.00641490451994416,0.421169063308016,"11e_floor_sweep",1000
"q7_d08",200,8,"congeneric","alpha","centred",1000,1000,1000,1000,0,-9.63551714274185e-17,0.00349433385964575,0.110500539015277,0.00247210352881722,0.107443061870051,0.972330658542728,0.0217528536383731,0.110445274926291,0.934,0.00785136930732467,0.421169063308016,"11e_floor_sweep",1000
"q7_d12",200,8,"congeneric","alpha","centred",1000,1000,1000,1000,0,3.57358186011542e-17,0.00415175808372869,0.131290118385987,0.00293720526481738,0.107443061870051,0.818363660501644,0.0183083242037597,0.131224456907319,0.886,0.0100500746265886,0.421169063308016,"11e_floor_sweep",1000
"q7_d16",200,8,"congeneric","alpha","centred",1000,1000,1000,1000,0,-4.58579394008412e-17,0.00487082543281185,0.154029024527609,0.00344591708301381,0.107443061870051,0.697550751876585,0.0156055136980355,0.153951990752084,0.82,0.01214907403879,0.421169063308016,"11e_floor_sweep",1000
"q2_d00",1000,8,"congeneric","alpha","centred",1000,1000,1000,1000,0,9.68070770573058e-17,0.00147397092019495,0.0466110531267031,0.00104277635152964,0.0478570253511981,1.02673126095452,0.0229698967622386,0.046587741770843,0.951,0.00682634602111555,0.187596092191137,"11e_floor_sweep",1000
"q2_d04",1000,8,"congeneric","alpha","centred",1000,1000,1000,1000,0,-7.32751837993154e-17,0.00150413588240447,0.047564952987853,0.00106411687379226,0.0478570253511981,1.00614049515448,0.0225092428572989,0.0475411645627652,0.957,0.00641490451994416,0.187596092191137,"11e_floor_sweep",1000
"q2_d08",1000,8,"congeneric","alpha","centred",1000,1000,1000,1000,0,-9.19198799107651e-17,0.00178189995314988,0.0563486241450094,0.00126062400993007,0.0478570253511981,0.84930246438744,0.0190004830560608,0.0563204427858349,0.903,0.00935900635751467,0.187596092191137,"11e_floor_sweep",1000
"q2_d12",1000,8,"congeneric","alpha","centred",1000,1000,1000,1000,0,-1.85232688562631e-17,0.00223915361805349,0.0708082546405574,0.00158411296203822,0.0478570253511981,0.675867885660137,0.0151204274661834,0.070772841657777,0.82,0.01214907403879,0.187596092191137,"11e_floor_sweep",1000
"q2_d16",1000,8,"congeneric","alpha","centred",1000,1000,1000,1000,0,-2.4978717011459e-17,0.00294409566806995,0.0931004796053611,0.00208283168768226,0.0478570253511981,0.514036292337663,0.011499952340073,0.0930539177221761,0.682,0.0147267104269759,0.187596092191137,"11e_floor_sweep",1000
"q3_d00",1000,8,"congeneric","alpha","centred",1000,1000,1000,1000,0,9.17027997659439e-17,0.00140614096799699,0.0444660817014443,0.000994789332852197,0.0478570253511981,1.07625910626714,0.0240779272050142,0.0444438430995525,0.965,0.00581162627841812,0.187596092191137,"11e_floor_sweep",1000
"q3_d04",1000,8,"congeneric","alpha","centred",1000,1000,1000,1000,0,3.48637304193201e-17,0.00147131396590449,0.046527032854735,0.00104089666105324,0.0478570253511981,1.02858537101679,0.0230113766687495,0.0465037635195187,0.952,0.00675988165576884,0.187596092191137,"11e_floor_sweep",1000
"q3_d08",1000,8,"congeneric","alpha","centred",1000,1000,1000,1000,0,9.25940520682097e-17,0.00167424181032069,0.0529441747449698,0.0011844601156132,0.0478570253511981,0.903914842033588,0.0202222639876224,0.0529176960362644,0.926,0.00827792244467173,0.187596092191137,"11e_floor_sweep",1000
"q3_d12",1000,8,"congeneric","alpha","centred",1000,1000,1000,1000,0,-9.43699633682796e-17,0.00200016416410095,0.0632507445280578,0.00141503733956004,0.0478570253511981,0.756623905509427,0.0169270905234112,0.063219111245495,0.861,0.0109397897603199,0.187596092191137,"11e_floor_sweep",1000
"q3_d16",1000,8,"congeneric","alpha","centred",1000,1000,1000,1000,0,-1.06575399818221e-16,0.00252280719800721,0.0797781684317019,0.00178478669389404,0.0478570253511981,0.599876210396689,0.0134203516995527,0.0797382693702258,0.769,0.0133281281506444,0.187596092191137,"11e_floor_sweep",1000
"q5_d00",1000,8,"congeneric","alpha","centred",1000,1000,1000,1000,0,-6.55075969055278e-17,0.00144435249882605,0.0456744364044599,0.00102182248537804,0.0478570253511981,1.04778578825606,0.0234409258785084,0.0456515934740967,0.958,0.00634318531969546,0.187596092191137,"11e_floor_sweep",1000
"q5_d04",1000,8,"congeneric","alpha","centred",1000,1000,1000,1000,0,-6.79441176714909e-17,0.00143784959233618,0.0454687964452691,0.00101722193525121,0.0478570253511981,1.05252456833344,0.0235469412432839,0.0454460563606033,0.956,0.00648567652600714,0.187596092191137,"11e_floor_sweep",1000
"q5_d08",1000,8,"congeneric","alpha","centred",1000,1000,1000,1000,0,1.33125457814527e-18,0.00162748406242647,0.0514655649289129,0.00115138085123501,0.0478570253511981,0.92988438808164,0.0208032512569993,0.0514398257100342,0.936,0.0077397674383666,0.187596092191137,"11e_floor_sweep",1000
"q5_d12",1000,8,"congeneric","alpha","centred",1000,1000,1000,1000,0,-3.84131694687465e-17,0.00188834785200785,0.0597148022703138,0.00133593170432098,0.0478570253511981,0.801426506187886,0.0179294084145673,0.0596849374010939,0.881,0.0102390917565964,0.187596092191137,"11e_floor_sweep",1000
"q5_d16",1000,8,"congeneric","alpha","centred",1000,1000,1000,1000,0,-2.1088809680752e-17,0.00218912708154309,0.0692262766523331,0.00154872115850449,0.0478570253511981,0.69131300519808,0.0154659636495632,0.0691916548563931,0.823,0.0120694241784768,0.187596092191137,"11e_floor_sweep",1000
"q7_d00",1000,8,"congeneric","alpha","centred",1000,1000,1000,1000,0,-1.00027475993976e-17,0.00144251232047597,0.045616244855588,0.00102052063169845,0.0478570253511981,1.04912242344156,0.0234708289051205,0.0455934310282768,0.959,0.00627048642451286,0.187596092191137,"11e_floor_sweep",1000
"q7_d04",1000,8,"congeneric","alpha","centred",1000,1000,1000,1000,0,1.66523865280811e-17,0.00149111299465047,0.0471531331176994,0.00105490369380856,0.0478570253511981,1.01492779348812,0.0227058311401519,0.04712955065405,0.951,0.00682634602111555,0.187596092191137,"11e_floor_sweep",1000
"q7_d08",1000,8,"congeneric","alpha","centred",1000,1000,1000,1000,0,2.82020771753128e-17,0.00160378571719723,0.0507161574518993,0.001134615205701,0.0478570253511981,0.943624827976904,0.0211106505715664,0.0506907930304819,0.931,0.00801492358042171,0.187596092191137,"11e_floor_sweep",1000
"q7_d12",1000,8,"congeneric","alpha","centred",1000,1000,1000,1000,0,-7.37132455227128e-17,0.00183848830191869,0.0581381048563838,0.00130065803710099,0.0478570253511981,0.823161082897652,0.0184156515067764,0.0581090285330566,0.886,0.0100500746265886,0.187596092191137,"11e_floor_sweep",1000
"q7_d16",1000,8,"congeneric","alpha","centred",1000,1000,1000,1000,0,-4.06204170506127e-17,0.00228423759109636,0.0722339350484086,0.00161600809665587,0.0478570253511981,0.662528288388636,0.0148219957500872,0.0721978090471251,0.795,0.0127661662216971,0.187596092191137,"11e_floor_sweep",1000
"q2_d00",200,8,"congeneric","omega","centred",1000,1000,1000,1000,0,-1.08138527971612e-16,0.00311201487170544,0.0984105510690589,0.00220162790823159,0.107443061870051,1.09178396729689,0.0244252473545634,0.098361333486051,0.966,0.00573096850453743,0.421169063308016,"11e_floor_sweep",1000
"q2_d04",200,8,"congeneric","omega","centred",1000,1000,1000,1000,0,-8.4603233029305e-17,0.00338219736068056,0.106954471559606,0.00239277137398152,0.107443061870051,1.00456820835371,0.0224740678637365,0.106900980947828,0.946,0.00714730718522718,0.421169063308016,"11e_floor_sweep",1000
"q2_d08",200,8,"congeneric","omega","centred",1000,1000,1000,1000,0,1.46639563556109e-17,0.00407853104804949,0.1289744761955,0.00288540002222224,0.107443061870051,0.833056780220513,0.0186370367460699,0.128909972827527,0.895,0.00969407035254026,0.421169063308016,"11e_floor_sweep",1000
"q2_d12",200,8,"congeneric","omega","centred",1000,1000,1000,1000,0,4.77734036141361e-18,0.00505025066128455,0.159702948444307,0.00357285336279766,0.107443061870051,0.672768179402268,0.0150510812453716,0.159623076997229,0.807,0.0124800240384384,0.421169063308016,"11e_floor_sweep",1000
"q2_d16",200,8,"congeneric","omega","centred",1000,1000,1000,1000,0,-2.43323427812775e-17,0.00703035012753447,0.222319191514642,0.00497369571917794,0.107443061870051,0.483282892214794,0.0108119413163769,0.222208004115082,0.653,0.0150529399121899,0.421169063308016,"11e_floor_sweep",1000
"q3_d00",200,8,"congeneric","omega","centred",1000,1000,1000,1000,0,5.12968311287853e-17,0.00330584485514889,0.104539993334199,0.00233875498460938,0.107443061870051,1.02776993228392,0.0229931337806419,0.104487710263495,0.952,0.00675988165576884,0.421169063308016,"11e_floor_sweep",1000
"q3_d04",200,8,"congeneric","omega","centred",1000,1000,1000,1000,0,8.12526722336962e-17,0.00345434780984474,0.109236069095236,0.00244381497403484,0.107443061870051,0.98358594152979,0.0220046553493702,0.109181437399348,0.939,0.00756828910652864,0.421169063308016,"11e_floor_sweep",1000
"q3_d08",200,8,"congeneric","omega","centred",1000,1000,1000,1000,0,6.73072708679001e-18,0.00370904173517379,0.117290198197722,0.00262400089125515,0.107443061870051,0.916044678251188,0.0204936310884956,0.117231538430014,0.927,0.00822623850857729,0.421169063308016,"11e_floor_sweep",1000
"q3_d12",200,8,"congeneric","omega","centred",1000,1000,1000,1000,0,9.30271213794159e-17,0.0046388614761043,0.146693680145003,0.00328181172303161,0.107443061870051,0.732431429655631,0.0163858596347481,0.146620314959047,0.858,0.0110379345894058,0.421169063308016,"11e_floor_sweep",1000
"q3_d16",200,8,"congeneric","omega","centred",1000,1000,1000,1000,0,-6.34228455344277e-18,0.00605221700114384,0.191387906172084,0.0042817050707376,0.107443061870051,0.561388982297787,0.0125593204933199,0.191292188283541,0.733,0.0139896747639107,0.421169063308016,"11e_floor_sweep",1000
"q5_d00",200,8,"congeneric","omega","centred",1000,1000,1000,1000,0,2.28652004014701e-17,0.00341580046958546,0.108017095165628,0.00241654424956802,0.107443061870051,0.994685718082895,0.0222529780908748,0.107963073109153,0.954,0.00662449998113065,0.421169063308016,"11e_floor_sweep",1000
"q5_d04",200,8,"congeneric","omega","centred",1000,1000,1000,1000,0,-8.74977648386392e-17,0.00332776828880757,0.105233273179129,0.0023542649501388,0.107443061870051,1.02099895426763,0.0228416543507969,0.105180643381799,0.954,0.00662449998113065,0.421169063308016,"11e_floor_sweep",1000
"q5_d08",200,8,"congeneric","omega","centred",1000,1000,1000,1000,0,-7.92457869073712e-17,0.00368471291961106,0.116520853498199,0.00260678921280074,0.107443061870051,0.922092987172565,0.0206289430603751,0.116462578499056,0.932,0.00796090447122687,0.421169063308016,"11e_floor_sweep",1000
"q5_d12",200,8,"congeneric","omega","centred",1000,1000,1000,1000,0,9.0571664344884e-17,0.00430044261541182,0.135991936115529,0.0030423937128072,0.107443061870051,0.790069359544782,0.0176753278232515,0.135923923139974,0.873,0.0105295299040366,0.421169063308016,"11e_floor_sweep",1000
"q5_d16",200,8,"congeneric","omega","centred",1000,1000,1000,1000,0,1.70860690911412e-17,0.00529151807710915,0.167332494036194,0.00374354055354854,0.107443061870051,0.642093231735438,0.014364825349706,0.167248806862149,0.793,0.0128121426779442,0.421169063308016,"11e_floor_sweep",1000
"q7_d00",200,8,"congeneric","omega","centred",1000,1000,1000,1000,0,7.57276321728187e-17,0.00327159016396157,0.103456764887223,0.00231452114023044,0.107443061870051,1.0385310422878,0.0232338799186395,0.103405023566213,0.957,0.00641490451994416,0.421169063308016,"11e_floor_sweep",1000
"q7_d04",200,8,"congeneric","omega","centred",1000,1000,1000,1000,0,3.30942955331648e-17,0.00325451361198748,0.102916756899019,0.00230244015252555,0.107443061870051,1.04398025265674,0.0233557889364813,0.102865285649539,0.952,0.00675988165576884,0.421169063308016,"11e_floor_sweep",1000
"q7_d08",200,8,"congeneric","omega","centred",1000,1000,1000,1000,0,6.55147018178894e-17,0.00352323359864971,0.111414429005646,0.00249254895551175,0.107443061870051,0.964355001672231,0.0215744232916083,0.111358707857372,0.941,0.00745110730026082,0.421169063308016,"11e_floor_sweep",1000
"q7_d12",200,8,"congeneric","omega","centred",1000,1000,1000,1000,0,-3.02057098951203e-17,0.00424664526911435,0.1342907146518,0.00300433420991915,0.107443061870051,0.800078115219191,0.0178992423891195,0.134223552499737,0.874,0.010493998284734,0.421169063308016,"11e_floor_sweep",1000
"q7_d16",200,8,"congeneric","omega","centred",1000,1000,1000,1000,0,7.47129925811264e-17,0.00505009081212896,0.15969789357017,0.00357274027581814,0.107443061870051,0.672789474351089,0.0150515576531665,0.159618024651161,0.804,0.0125532465920175,0.421169063308016,"11e_floor_sweep",1000
"q2_d00",1000,8,"congeneric","omega","centred",1000,1000,1000,1000,0,-2.73064245368861e-17,0.00144943659500941,0.0458352096422879,0.00102541928311419,0.0478570253511981,1.04411053695814,0.0233587036397407,0.045812286305199,0.955,0.00655553201502365,0.187596092191137,"11e_floor_sweep",1000
"q2_d04",1000,8,"congeneric","omega","centred",1000,1000,1000,1000,0,8.21546403497776e-18,0.00148728725685042,0.0470321526659119,0.00105219713504924,0.0478570253511981,1.01753848460107,0.0227642371784436,0.0470086307076185,0.956,0.00648567652600714,0.187596092191137,"11e_floor_sweep",1000
"q2_d08",1000,8,"congeneric","omega","centred",1000,1000,1000,1000,0,-5.17410008067654e-17,0.00179572607763421,0.0567858445908446,0.00127040544825293,0.0478570253511981,0.842763292437036,0.0188541895610408,0.0567574445667673,0.904,0.00931579304192617,0.187596092191137,"11e_floor_sweep",1000
"q2_d12",1000,8,"congeneric","omega","centred",1000,1000,1000,1000,0,-1.6402271251284e-17,0.00227915277768799,0.0720731391299344,0.00161241079151128,0.0478570253511981,0.664006395849094,0.014855063775832,0.0720370935467197,0.81,0.0124056438768812,0.187596092191137,"11e_floor_sweep",1000
"q2_d16",1000,8,"congeneric","omega","centred",1000,1000,1000,1000,0,-1.080257844982e-16,0.00305287199225146,0.0965402890045053,0.00215978665124952,0.0478570253511981,0.495720759122284,0.0110901996393405,0.0964920067864293,0.663,0.0149476085043729,0.187596092191137,"11e_floor_sweep",1000
"q3_d00",1000,8,"congeneric","omega","centred",1000,1000,1000,1000,0,8.37139293263344e-17,0.00138698751776514,0.0438603964236109,0.0009812390214598,0.0478570253511981,1.09112158697762,0.024410428669159,0.0438384607401066,0.963,0.00596917079668525,0.187596092191137,"11e_floor_sweep",1000
"q3_d04",1000,8,"congeneric","omega","centred",1000,1000,1000,1000,0,5.43956427210418e-17,0.00146967380461221,0.0464751664005987,0.00103973631156137,0.0478570253511981,1.0297332760186,0.0230370574485086,0.0464519230050961,0.952,0.00675988165576884,0.187596092191137,"11e_floor_sweep",1000
"q3_d08",1000,8,"congeneric","omega","centred",1000,1000,1000,1000,0,1.08357098047387e-16,0.00168884769736402,0.0534060534480105,0.00119479320522387,0.0478570253511981,0.896097394610627,0.0200473730818145,0.0533793437421898,0.922,0.00848033018225116,0.187596092191137,"11e_floor_sweep",1000
"q3_d12",1000,8,"congeneric","omega","centred",1000,1000,1000,1000,0,4.70793515934195e-17,0.00203773970149742,0.0644389873528347,0.0014416205517905,0.0478570253511981,0.742671902790118,0.0166149581531636,0.0644067598002549,0.847,0.0113838042850358,0.187596092191137,"11e_floor_sweep",1000
"q3_d16",1000,8,"congeneric","omega","centred",1000,1000,1000,1000,0,-1.9108195928319e-17,0.00263981389303708,0.0834782450095327,0.00186756432055959,0.0478570253511981,0.573287391771749,0.0128255101455155,0.0834364954470267,0.748,0.013729384545565,0.187596092191137,"11e_floor_sweep",1000
"q5_d00",1000,8,"congeneric","omega","centred",1000,1000,1000,1000,0,8.2597294685815e-17,0.00143230643023967,0.0452935062686243,0.00101330036646872,0.0478570253511981,1.05659793850735,0.0236380701451954,0.0452708538509691,0.962,0.00604615580348373,0.187596092191137,"11e_floor_sweep",1000
"q5_d04",1000,8,"congeneric","omega","centred",1000,1000,1000,1000,0,8.28173081057326e-17,0.00142124693668964,0.0449437743747638,0.00100547621052652,0.0478570253511981,1.06481990035243,0.0238220107944642,0.0449212968667939,0.955,0.00655553201502365,0.187596092191137,"11e_floor_sweep",1000
"q5_d08",1000,8,"congeneric","omega","centred",1000,1000,1000,1000,0,-4.17468760027708e-17,0.00163575754255158,0.0517271953426278,0.00115723401244811,0.0478570253511981,0.925181136038892,0.0206980307207431,0.0517013252758221,0.928,0.00817410545564467,0.187596092191137,"11e_floor_sweep",1000
"q5_d12",1000,8,"congeneric","omega","centred",1000,1000,1000,1000,0,5.55261098331063e-18,0.00191378243616026,0.0605191144429222,0.00135392567048526,0.0478570253511981,0.790775373891728,0.0176911226833856,0.0604888473170266,0.876,0.0104222838188182,0.187596092191137,"11e_floor_sweep",1000
"q5_d16",1000,8,"congeneric","omega","centred",1000,1000,1000,1000,0,-5.37248603894522e-17,0.00229731358437103,0.0726474342625785,0.00162525884670308,0.0478570253511981,0.658757268401559,0.0147376309867986,0.0726111014599747,0.802,0.012601428490453,0.187596092191137,"11e_floor_sweep",1000
"q7_d00",1000,8,"congeneric","omega","centred",1000,1000,1000,1000,0,6.23987623724065e-17,0.00142498952406494,0.0450621253792454,0.00100812394363647,0.0478570253511981,1.0620232611851,0.0237594447507508,0.045039588680972,0.966,0.00573096850453743,0.187596092191137,"11e_floor_sweep",1000
"q7_d04",1000,8,"congeneric","omega","centred",1000,1000,1000,1000,0,-1.0226520151535e-17,0.0014724734437712,0.0465636987642888,0.00104171694596047,0.0478570253511981,1.02777542637788,0.0229932566937897,0.0465404110915323,0.96,0.00619677335393187,0.187596092191137,"11e_floor_sweep",1000
"q7_d08",1000,8,"congeneric","omega","centred",1000,1000,1000,1000,0,1.05028663446426e-16,0.00161734501283839,0.0511449400288359,0.00114420787313038,0.0478570253511981,0.935713783694261,0.020933665729121,0.0511193611625054,0.93,0.00806845710157772,0.187596092191137,"11e_floor_sweep",1000
"q7_d12",1000,8,"congeneric","omega","centred",1000,1000,1000,1000,0,-2.02105449346665e-18,0.00189584467186571,0.059951872529902,0.00134123540899543,0.0478570253511981,0.798257390998565,0.0178585093862679,0.0599218890959036,0.875,0.0104582503316759,0.187596092191137,"11e_floor_sweep",1000
"q7_d16",1000,8,"congeneric","omega","centred",1000,1000,1000,1000,0,-7.70524018667198e-17,0.00236628628335526,0.074828542514172,0.00167405431370755,0.0478570253511981,0.639555759650595,0.0143080573578834,0.0747911188846674,0.784,0.0130132240432569,0.187596092191137,"11e_floor_sweep",1000
"q2_d00",200,8,"congeneric","alpha","population",1000,1000,1000,1000,0,-0.000452055428802381,0.00318204440822005,0.10062507945778,0.00225117104614937,0.107443061870051,1.06775629345099,0.0238877033947506,0.100575770259935,0.958,0.00634318531969546,0.421169063308016,"11e_floor_sweep",1000
"q2_d04",200,8,"congeneric","alpha","population",1000,1000,1000,1000,0,0.0019797291074891,0.00341359194717013,0.107947255554668,0.00241498180697503,0.107443061870051,0.995329258886423,0.0222673753011103,0.107911429881834,0.951,0.00682634602111555,0.421169063308016,"11e_floor_sweep",1000
"q2_d08",200,8,"congeneric","alpha","population",1000,1000,1000,1000,0,0.011182570542455,0.00404514177396261,0.127918614640158,0.00286177842634439,0.107443061870051,0.839932969664294,0.0187908699521363,0.12834273911454,0.895,0.00969407035254026,0.421169063308016,"11e_floor_sweep",1000
"q2_d12",200,8,"congeneric","alpha","population",1000,1000,1000,1000,0,0.015366111238292,0.0049372510420651,0.156129586729655,0.00349291058438904,0.107443061870051,0.688165927551533,0.0153955576422729,0.15680621409596,0.818,0.0122014753206323,0.421169063308016,"11e_floor_sweep",1000
"q2_d16",200,8,"congeneric","alpha","population",1000,1000,1000,1000,0,0.0120719782358564,0.00661868900738331,0.209301323876503,0.00468246169613421,0.107443061870051,0.513341530192361,0.0114844092127145,0.209544672542175,0.665,0.0149256490646136,0.421169063308016,"11e_floor_sweep",1000
"q3_d00",200,8,"congeneric","alpha","population",1000,1000,1000,1000,0,0.00676352213056225,0.0033388151074286,0.105582604256542,0.00236208013906813,0.107443061870051,1.01762087255386,0.0227660803508901,0.105746318455455,0.948,0.00702111102319284,0.421169063308016,"11e_floor_sweep",1000
"q3_d04",200,8,"congeneric","alpha","population",1000,1000,1000,1000,0,0.00486516505530646,0.00346611850316929,0.109608291100685,0.00245214227579621,0.107443061870051,0.980245753228235,0.0219299290958987,0.109661448702586,0.937,0.00768316341099159,0.421169063308016,"11e_floor_sweep",1000
"q3_d08",200,8,"congeneric","alpha","population",1000,1000,1000,1000,0,0.011714705515639,0.00370552280939615,0.117178919993978,0.00262151138991327,0.107443061870051,0.916914594157142,0.0205130927327559,0.117704726825146,0.927,0.00822623850857729,0.421169063308016,"11e_floor_sweep",1000
"q3_d12",200,8,"congeneric","alpha","population",1000,1000,1000,1000,0,0.000444798926523234,0.00458695611583715,0.145052288532845,0.0032450907257157,0.107443061870051,0.740719522296413,0.0165712797534826,0.144980426569562,0.86,0.0109726933794762,0.421169063308016,"11e_floor_sweep",1000
"q3_d16",200,8,"congeneric","alpha","population",1000,1000,1000,1000,0,0.0210912584981635,0.00577560223854926,0.182640579329828,0.00408601102483372,0.107443061870051,0.58827595852081,0.0131608323899359,0.183763611255748,0.751,0.0136747577675073,0.421169063308016,"11e_floor_sweep",1000
"q5_d00",200,8,"congeneric","alpha","population",1000,1000,1000,1000,0,0.00339568057497606,0.00344906401891256,0.109068980954978,0.00244007690013188,0.107443061870051,0.98509274524534,0.0220383653639605,0.109067305873566,0.952,0.00675988165576884,0.421169063308016,"11e_floor_sweep",1000
"q5_d04",200,8,"congeneric","alpha","population",1000,1000,1000,1000,0,-0.000284908731155147,0.00335363921230366,0.106051383613325,0.00237256760919695,0.107443061870051,1.01312267892515,0.0226654473545089,0.10599872755519,0.948,0.00702111102319284,0.421169063308016,"11e_floor_sweep",1000
"q5_d08",200,8,"congeneric","alpha","population",1000,1000,1000,1000,0,0.00529256984030151,0.00365955825065392,0.115725393021278,0.00258899327560845,0.107443061870051,0.928431168518873,0.0207707400200291,0.115788537942465,0.935,0.0077958322198467,0.421169063308016,"11e_floor_sweep",1000
"q5_d12",200,8,"congeneric","alpha","population",1000,1000,1000,1000,0,0.00760800387157857,0.00418760918823755,0.132423829854794,0.00296256850872256,0.107443061870051,0.811357457248174,0.0181515823458389,0.132576077652071,0.887,0.0100115433375679,0.421169063308016,"11e_floor_sweep",1000
"q5_d16",200,8,"congeneric","alpha","population",1000,1000,1000,1000,0,0.0237104313517102,0.00507267671130797,0.160412122414256,0.00358871890960204,0.107443061870051,0.669793904930605,0.0149845411679874,0.162075604343507,0.789,0.0129026741414329,0.421169063308016,"11e_floor_sweep",1000
"q7_d00",200,8,"congeneric","alpha","population",1000,1000,1000,1000,0,0.000585796393364538,0.00330605631703849,0.104546680346294,0.00233890458556467,0.107443061870051,1.02770419408979,0.0229916630944071,0.104496035907938,0.957,0.00641490451994416,0.421169063308016,"11e_floor_sweep",1000
"q7_d04",200,8,"congeneric","alpha","population",1000,1000,1000,1000,0,0.00698797233655041,0.00326864594273736,0.103363660437184,0.00231243821971674,0.107443061870051,1.03946649543575,0.0232548077534602,0.103548027552681,0.957,0.00641490451994416,0.421169063308016,"11e_floor_sweep",1000
"q7_d08",200,8,"congeneric","alpha","population",1000,1000,1000,1000,0,0.00583338756460651,0.00349433385964575,0.110500539015277,0.00247210352881722,0.107443061870051,0.972330658542728,0.0217528536383731,0.110599218641105,0.937,0.00768316341099159,0.421169063308016,"11e_floor_sweep",1000
"q7_d12",200,8,"congeneric","alpha","population",1000,1000,1000,1000,0,0.00152486812942735,0.00415175808372869,0.131290118385987,0.00293720526481738,0.107443061870051,0.818363660501644,0.0183083242037597,0.131233316324144,0.887,0.0100115433375679,0.421169063308016,"11e_floor_sweep",1000
"q7_d16",200,8,"congeneric","alpha","population",1000,1000,1000,1000,0,0.0126172446687706,0.00487082543281185,0.154029024527609,0.00344591708301381,0.107443061870051,0.697550751876585,0.0156055136980355,0.154468153091702,0.823,0.0120694241784768,0.421169063308016,"11e_floor_sweep",1000
"q2_d00",1000,8,"congeneric","alpha","population",1000,1000,1000,1000,0,-0.00176231002954065,0.00147397092019495,0.0466110531267031,0.00104277635152964,0.0478570253511981,1.02673126095452,0.0229698967622386,0.0466210619778976,0.951,0.00682634602111555,0.187596092191137,"11e_floor_sweep",1000
"q2_d04",1000,8,"congeneric","alpha","population",1000,1000,1000,1000,0,-0.00380209375787962,0.00150413588240447,0.047564952987853,0.00106411687379226,0.0478570253511981,1.00614049515448,0.0225092428572989,0.0476929580224128,0.955,0.00655553201502365,0.187596092191137,"11e_floor_sweep",1000
"q2_d08",1000,8,"congeneric","alpha","population",1000,1000,1000,1000,0,0.00539693401585985,0.00178189995314988,0.0563486241450094,0.00126062400993007,0.0478570253511981,0.84930246438744,0.0190004830560608,0.0565784338097481,0.908,0.00913980306133562,0.187596092191137,"11e_floor_sweep",1000
"q2_d12",1000,8,"congeneric","alpha","population",1000,1000,1000,1000,0,-0.00376227806933384,0.00223915361805349,0.0708082546405574,0.00158411296203822,0.0478570253511981,0.675867885660137,0.0151204274661834,0.0708727722936514,0.818,0.0122014753206323,0.187596092191137,"11e_floor_sweep",1000
"q2_d16",1000,8,"congeneric","alpha","population",1000,1000,1000,1000,0,-0.00353994153582462,0.00294409566806995,0.0931004796053611,0.00208283168768226,0.0478570253511981,0.514036292337663,0.011499952340073,0.093121226310238,0.683,0.0147143127600306,0.187596092191137,"11e_floor_sweep",1000
"q3_d00",1000,8,"congeneric","alpha","population",1000,1000,1000,1000,0,0.00217354842229654,0.00140614096799699,0.0444660817014443,0.000994789332852197,0.0478570253511981,1.07625910626714,0.0240779272050142,0.0444969605950981,0.962,0.00604615580348373,0.187596092191137,"11e_floor_sweep",1000
"q3_d04",1000,8,"congeneric","alpha","population",1000,1000,1000,1000,0,-0.00744521957385321,0.00147131396590449,0.046527032854735,0.00104089666105324,0.0478570253511981,1.02858537101679,0.0230113766687495,0.0470959798282423,0.95,0.00689202437604511,0.187596092191137,"11e_floor_sweep",1000
"q3_d08",1000,8,"congeneric","alpha","population",1000,1000,1000,1000,0,-0.00260325801680774,0.00167424181032069,0.0529441747449698,0.0011844601156132,0.0478570253511981,0.903914842033588,0.0202222639876224,0.0529816902909727,0.926,0.00827792244467173,0.187596092191137,"11e_floor_sweep",1000
"q3_d12",1000,8,"congeneric","alpha","population",1000,1000,1000,1000,0,0.00148553310461165,0.00200016416410095,0.0632507445280578,0.00141503733956004,0.0478570253511981,0.756623905509427,0.0169270905234112,0.0632365624878138,0.866,0.0107723720693262,0.187596092191137,"11e_floor_sweep",1000
"q3_d16",1000,8,"congeneric","alpha","population",1000,1000,1000,1000,0,0.00582265179198449,0.00252280719800721,0.0797781684317019,0.00178478669389404,0.0478570253511981,0.599876210396689,0.0134203516995527,0.079950577709291,0.765,0.0134080199880519,0.187596092191137,"11e_floor_sweep",1000
"q5_d00",1000,8,"congeneric","alpha","population",1000,1000,1000,1000,0,0.00156000006207362,0.00144435249882605,0.0456744364044599,0.00102182248537804,0.0478570253511981,1.04778578825606,0.0234409258785084,0.0456782397528391,0.957,0.00641490451994416,0.187596092191137,"11e_floor_sweep",1000
"q5_d04",1000,8,"congeneric","alpha","population",1000,1000,1000,1000,0,-0.00652688314110568,0.00143784959233618,0.0454687964452691,0.00101722193525121,0.0478570253511981,1.05252456833344,0.0235469412432839,0.0459123539177505,0.956,0.00648567652600714,0.187596092191137,"11e_floor_sweep",1000
"q5_d08",1000,8,"congeneric","alpha","population",1000,1000,1000,1000,0,0.00542916867886056,0.00162748406242647,0.0514655649289129,0.00115138085123501,0.0478570253511981,0.92988438808164,0.0208032512569993,0.0517255405155153,0.934,0.00785136930732467,0.187596092191137,"11e_floor_sweep",1000
"q5_d12",1000,8,"congeneric","alpha","population",1000,1000,1000,1000,0,-0.00186946607326214,0.00188834785200785,0.0597148022703138,0.00133593170432098,0.0478570253511981,0.801426506187886,0.0179294084145673,0.0597142081582899,0.885,0.0100883596287999,0.187596092191137,"11e_floor_sweep",1000
"q5_d16",1000,8,"congeneric","alpha","population",1000,1000,1000,1000,0,0.00892578402043374,0.00218912708154309,0.0692262766523331,0.00154872115850449,0.0478570253511981,0.69131300519808,0.0154659636495632,0.0697649963960843,0.823,0.0120694241784768,0.187596092191137,"11e_floor_sweep",1000
"q7_d00",1000,8,"congeneric","alpha","population",1000,1000,1000,1000,0,-0.00251122173699004,0.00144251232047597,0.045616244855588,0.00102052063169845,0.0478570253511981,1.04912242344156,0.0234708289051205,0.0456625359298251,0.958,0.00634318531969546,0.187596092191137,"11e_floor_sweep",1000
"q7_d04",1000,8,"congeneric","alpha","population",1000,1000,1000,1000,0,0.00227411126847545,0.00149111299465047,0.0471531331176994,0.00105490369380856,0.0478570253511981,1.01492779348812,0.0227058311401519,0.0471843843545094,0.953,0.00669260786241059,0.187596092191137,"11e_floor_sweep",1000
"q7_d08",1000,8,"congeneric","alpha","population",1000,1000,1000,1000,0,-0.00968934166851773,0.00160378571719723,0.0507161574518993,0.001134615205701,0.0478570253511981,0.943624827976904,0.0211106505715664,0.0516085248774699,0.928,0.00817410545564467,0.187596092191137,"11e_floor_sweep",1000
"q7_d12",1000,8,"congeneric","alpha","population",1000,1000,1000,1000,0,-0.0065678066069524,0.00183848830191869,0.0581381048563838,0.00130065803710099,0.0478570253511981,0.823161082897652,0.0184156515067764,0.0584790157294214,0.89,0.00989444288477123,0.187596092191137,"11e_floor_sweep",1000
"q7_d16",1000,8,"congeneric","alpha","population",1000,1000,1000,1000,0,0.00814922986774365,0.00228423759109636,0.0722339350484086,0.00161600809665587,0.0478570253511981,0.662528288388636,0.0148219957500872,0.0726562700573217,0.793,0.0128121426779442,0.187596092191137,"11e_floor_sweep",1000
"q2_d00",200,8,"congeneric","omega","population",1000,1000,1000,1000,0,-0.00569560687495374,0.00311201487170544,0.0984105510690589,0.00220162790823159,0.107443061870051,1.09178396729689,0.0244252473545634,0.0985260973693171,0.966,0.00573096850453743,0.421169063308016,"11e_floor_sweep",1000
"q2_d04",200,8,"congeneric","omega","population",1000,1000,1000,1000,0,-0.0031426835294924,0.00338219736068056,0.106954471559606,0.00239277137398152,0.107443061870051,1.00456820835371,0.0224740678637365,0.106947165401307,0.946,0.00714730718522718,0.421169063308016,"11e_floor_sweep",1000
"q2_d08",200,8,"congeneric","omega","population",1000,1000,1000,1000,0,0.00566557660176616,0.00407853104804949,0.1289744761955,0.00288540002222224,0.107443061870051,0.833056780220513,0.0186370367460699,0.129034413443175,0.896,0.00965318600255895,0.421169063308016,"11e_floor_sweep",1000
"q2_d12",200,8,"congeneric","omega","population",1000,1000,1000,1000,0,0.00484469490455953,0.00505025066128455,0.159702948444307,0.00357285336279766,0.107443061870051,0.672768179402268,0.0150510812453716,0.159696580360324,0.805,0.0125289664378192,0.421169063308016,"11e_floor_sweep",1000
"q2_d16",200,8,"congeneric","omega","population",1000,1000,1000,1000,0,-0.00375696352486956,0.00703035012753447,0.222319191514642,0.00497369571917794,0.107443061870051,0.483282892214794,0.0108119413163769,0.222239762121308,0.655,0.0150324648677454,0.421169063308016,"11e_floor_sweep",1000
"q3_d00",200,8,"congeneric","omega","population",1000,1000,1000,1000,0,0.0024521658475583,0.00330584485514889,0.104539993334199,0.00233875498460938,0.107443061870051,1.02776993228392,0.0229931337806419,0.104516480582978,0.953,0.00669260786241059,0.421169063308016,"11e_floor_sweep",1000
"q3_d04",200,8,"congeneric","omega","population",1000,1000,1000,1000,0,-0.000660782297769254,0.00345434780984474,0.109236069095236,0.00244381497403484,0.107443061870051,0.98358594152979,0.0220046553493702,0.10918343695741,0.939,0.00756828910652864,0.421169063308016,"11e_floor_sweep",1000
"q3_d08",200,8,"congeneric","omega","population",1000,1000,1000,1000,0,0.00531691577442151,0.00370904173517379,0.117290198197722,0.00262400089125515,0.107443061870051,0.916044678251188,0.0204936310884956,0.11735204811174,0.928,0.00817410545564467,0.421169063308016,"11e_floor_sweep",1000
"q3_d12",200,8,"congeneric","omega","population",1000,1000,1000,1000,0,-0.00892068252828917,0.0046388614761043,0.146693680145003,0.00328181172303161,0.107443061870051,0.732431429655631,0.0163858596347481,0.146891440647373,0.852,0.0112292475259921,0.421169063308016,"11e_floor_sweep",1000
"q3_d16",200,8,"congeneric","omega","population",1000,1000,1000,1000,0,0.00645178200992058,0.00605221700114384,0.191387906172084,0.0042817050707376,0.107443061870051,0.561388982297787,0.0125593204933199,0.191400958172652,0.733,0.0139896747639107,0.421169063308016,"11e_floor_sweep",1000
"q5_d00",200,8,"congeneric","omega","population",1000,1000,1000,1000,0,-0.000557690882913441,0.00341580046958546,0.108017095165628,0.00241654424956802,0.107443061870051,0.994685718082895,0.0222529780908748,0.107964513495375,0.954,0.00662449998113065,0.421169063308016,"11e_floor_sweep",1000
"q5_d04",200,8,"congeneric","omega","population",1000,1000,1000,1000,0,-0.00655118207681036,0.00332776828880757,0.105233273179129,0.0023542649501388,0.107443061870051,1.02099895426763,0.0228416543507969,0.105384466259562,0.952,0.00675988165576884,0.421169063308016,"11e_floor_sweep",1000
"q5_d08",200,8,"congeneric","omega","population",1000,1000,1000,1000,0,-0.000438187633948618,0.00368471291961106,0.116520853498199,0.00260678921280074,0.107443061870051,0.922092987172565,0.0206289430603751,0.116463402831324,0.931,0.00801492358042171,0.421169063308016,"11e_floor_sweep",1000
"q5_d12",200,8,"congeneric","omega","population",1000,1000,1000,1000,0,-0.00180211931395115,0.00430044261541182,0.135991936115529,0.0030423937128072,0.107443061870051,0.790069359544782,0.0176753278232515,0.13593586912873,0.872,0.0105648473723003,0.421169063308016,"11e_floor_sweep",1000
"q5_d16",200,8,"congeneric","omega","population",1000,1000,1000,1000,0,0.0121510404386072,0.00529151807710915,0.167332494036194,0.00374354055354854,0.107443061870051,0.642093231735438,0.014364825349706,0.16768962752822,0.785,0.012991343271579,0.421169063308016,"11e_floor_sweep",1000
"q7_d00",200,8,"congeneric","omega","population",1000,1000,1000,1000,0,-0.00216335392012127,0.00327159016396157,0.103456764887223,0.00231452114023044,0.107443061870051,1.0385310422878,0.0232338799186395,0.103427651036427,0.959,0.00627048642451286,0.421169063308016,"11e_floor_sweep",1000
"q7_d04",200,8,"congeneric","omega","population",1000,1000,1000,1000,0,0.00127071444904517,0.00325451361198748,0.102916756899019,0.00230244015252555,0.107443061870051,1.04398025265674,0.0233557889364813,0.102873134038836,0.952,0.00675988165576884,0.421169063308016,"11e_floor_sweep",1000
"q7_d08",200,8,"congeneric","omega","population",1000,1000,1000,1000,0,0.000342704541926929,0.00352323359864971,0.111414429005646,0.00249254895551175,0.107443061870051,0.964355001672231,0.0215744232916083,0.111359235189842,0.941,0.00745110730026082,0.421169063308016,"11e_floor_sweep",1000
"q7_d12",200,8,"congeneric","omega","population",1000,1000,1000,1000,0,-0.00655495524619945,0.00424664526911435,0.1342907146518,0.00300433420991915,0.107443061870051,0.800078115219191,0.0178992423891195,0.134383516414512,0.872,0.0105648473723003,0.421169063308016,"11e_floor_sweep",1000
"q7_d16",200,8,"congeneric","omega","population",1000,1000,1000,1000,0,0.000690192604991887,0.00505009081212896,0.15969789357017,0.00357274027581814,0.107443061870051,0.672789474351089,0.0150515576531665,0.159619516849822,0.805,0.0125289664378192,0.421169063308016,"11e_floor_sweep",1000
"q2_d00",1000,8,"congeneric","omega","population",1000,1000,1000,1000,0,-0.00279901635398952,0.00144943659500941,0.0458352096422879,0.00102541928311419,0.0478570253511981,1.04411053695814,0.0233587036397407,0.045897713113612,0.951,0.00682634602111555,0.187596092191137,"11e_floor_sweep",1000
"q2_d04",1000,8,"congeneric","omega","population",1000,1000,1000,1000,0,-0.00424258955855782,0.00148728725685042,0.0470321526659119,0.00105219713504924,0.0478570253511981,1.01753848460107,0.0227642371784436,0.0471996920240761,0.955,0.00655553201502365,0.187596092191137,"11e_floor_sweep",1000
"q2_d08",1000,8,"congeneric","omega","population",1000,1000,1000,1000,0,0.00341808752482481,0.00179572607763421,0.0567858445908446,0.00127040544825293,0.0478570253511981,0.842763292437036,0.0188541895610408,0.0568602746746534,0.903,0.00935900635751467,0.187596092191137,"11e_floor_sweep",1000
"q2_d12",1000,8,"congeneric","omega","population",1000,1000,1000,1000,0,-0.00615207696481936,0.00227915277768799,0.0720731391299344,0.00161241079151128,0.0478570253511981,0.664006395849094,0.014855063775832,0.0722993146415642,0.811,0.012380589646701,0.187596092191137,"11e_floor_sweep",1000
"q2_d16",1000,8,"congeneric","omega","population",1000,1000,1000,1000,0,-0.00898557634236863,0.00305287199225146,0.0965402890045053,0.00215978665124952,0.0478570253511981,0.495720759122284,0.0110901996393405,0.0969094833124027,0.671,0.0148579608291313,0.187596092191137,"11e_floor_sweep",1000
"q3_d00",1000,8,"congeneric","omega","population",1000,1000,1000,1000,0,0.00189856089739834,0.00138698751776514,0.0438603964236109,0.0009812390214598,0.0478570253511981,1.09112158697762,0.024410428669159,0.0438795530235096,0.963,0.00596917079668525,0.187596092191137,"11e_floor_sweep",1000
"q3_d04",1000,8,"congeneric","omega","population",1000,1000,1000,1000,0,-0.00869584583960398,0.00146967380461221,0.0464751664005987,0.00103973631156137,0.0478570253511981,1.0297332760186,0.0230370574485086,0.0472588498139506,0.951,0.00682634602111555,0.187596092191137,"11e_floor_sweep",1000
"q3_d08",1000,8,"congeneric","omega","population",1000,1000,1000,1000,0,-0.00468566417578365,0.00168884769736402,0.0534060534480105,0.00119479320522387,0.0478570253511981,0.896097394610627,0.0200473730818145,0.0535846040119275,0.922,0.00848033018225116,0.187596092191137,"11e_floor_sweep",1000
"q3_d12",1000,8,"congeneric","omega","population",1000,1000,1000,1000,0,-0.000200746058478926,0.00203773970149742,0.0644389873528347,0.0014416205517905,0.0478570253511981,0.742671902790118,0.0166149581531636,0.0644070726469362,0.847,0.0113838042850358,0.187596092191137,"11e_floor_sweep",1000
"q3_d16",1000,8,"congeneric","omega","population",1000,1000,1000,1000,0,0.00178914184146659,0.00263981389303708,0.0834782450095327,0.00186756432055959,0.0478570253511981,0.573287391771749,0.0128255101455155,0.0834556756668508,0.745,0.0137831418769452,0.187596092191137,"11e_floor_sweep",1000
"q5_d00",1000,8,"congeneric","omega","population",1000,1000,1000,1000,0,0.00153718957325552,0.00143230643023967,0.0452935062686243,0.00101330036646872,0.0478570253511981,1.05659793850735,0.0236380701451954,0.0452969442697841,0.956,0.00648567652600714,0.187596092191137,"11e_floor_sweep",1000
"q5_d04",1000,8,"congeneric","omega","population",1000,1000,1000,1000,0,-0.0072690341454468,0.00142124693668964,0.0449437743747638,0.00100547621052652,0.0478570253511981,1.06481990035243,0.0238220107944642,0.0455056234942704,0.957,0.00641490451994416,0.187596092191137,"11e_floor_sweep",1000
"q5_d08",1000,8,"congeneric","omega","population",1000,1000,1000,1000,0,0.00394216065012372,0.00163575754255158,0.0517271953426278,0.00115723401244811,0.0478570253511981,0.925181136038892,0.0206980307207431,0.0518513998448234,0.932,0.00796090447122687,0.187596092191137,"11e_floor_sweep",1000
"q5_d12",1000,8,"congeneric","omega","population",1000,1000,1000,1000,0,-0.00300129109166635,0.00191378243616026,0.0605191144429222,0.00135392567048526,0.0478570253511981,0.790775373891728,0.0176911226833856,0.0605632594727156,0.88,0.0102761860629321,0.187596092191137,"11e_floor_sweep",1000
"q5_d16",1000,8,"congeneric","omega","population",1000,1000,1000,1000,0,0.00602189888344923,0.00229731358437103,0.0726474342625785,0.00162525884670308,0.0478570253511981,0.658757268401559,0.0147376309867986,0.0728603823857192,0.812,0.0123554036761249,0.187596092191137,"11e_floor_sweep",1000
"q7_d00",1000,8,"congeneric","omega","population",1000,1000,1000,1000,0,-0.00218577095473298,0.00142498952406494,0.0450621253792454,0.00100812394363647,0.0478570253511981,1.0620232611851,0.0237594447507508,0.0450925952149318,0.964,0.00589101010014412,0.187596092191137,"11e_floor_sweep",1000
"q7_d04",1000,8,"congeneric","omega","population",1000,1000,1000,1000,0,0.000691253100066448,0.0014724734437712,0.0465636987642888,0.00104171694596047,0.0478570253511981,1.02777542637788,0.0229932566937897,0.0465455443132548,0.959,0.00627048642451286,0.187596092191137,"11e_floor_sweep",1000
"q7_d08",1000,8,"congeneric","omega","population",1000,1000,1000,1000,0,-0.0112392373480662,0.00161734501283839,0.0511449400288359,0.00114420787313038,0.0478570253511981,0.935713783694261,0.020933665729121,0.0523403242426796,0.916,0.00877177291087725,0.187596092191137,"11e_floor_sweep",1000
"q7_d12",1000,8,"congeneric","omega","population",1000,1000,1000,1000,0,-0.00709153535415674,0.00189584467186571,0.059951872529902,0.00134123540899543,0.0478570253511981,0.798257390998565,0.0178585093862679,0.0603400585556646,0.876,0.0104222838188182,0.187596092191137,"11e_floor_sweep",1000
"q7_d16",1000,8,"congeneric","omega","population",1000,1000,1000,1000,0,0.00509092502931355,0.00236628628335526,0.074828542514172,0.00167405431370755,0.0478570253511981,0.639555759650595,0.0143080573578834,0.0749641846595729,0.785,0.012991343271579,0.187596092191137,"11e_floor_sweep",1000
