"aggregate","dependency","md5"
"01a_smd_to_cor_r_nrep1000.csv","R/es_from_ANOVA_means.R","88c31ac56c0e23053b21eff87e333ed4"
"01a_smd_to_cor_r_nrep1000.csv","R/internal_es_from_d.R","1e4cd2fd837e6f7c42538503cfa04fa0"
"01a_smd_to_cor_r_nrep1000.csv","R/internal_guards.R","45f3cd71d5bfbe924e633ab37359455f"
"01a_smd_to_cor_r_nrep1000.csv","simulations/R/00_config.R","772723e55736902bfdefad3bf916fd60"
"01a_smd_to_cor_r_nrep1000.csv","simulations/R/03_performance.R","c88b7747b0fb6f4a18494052d7bd2035"
"01a_smd_to_cor_r_nrep1000.csv","simulations/R/04_runner.R","d80094bb9c48609c11df7c113f4d075c"
"01a_smd_to_cor_r_nrep1000.csv","simulations/R/05_latent_2x2.R","d34841b54cb9a0bcc3bd2380ccdff01a"
"01a_smd_to_cor_r_nrep1000.csv","simulations/studies/01_smd_to_cor.R","da01c681c5cb3b83cf87661c474e2f5f"
"01b_smd_to_cor_z_nrep1000.csv","R/es_from_ANOVA_means.R","88c31ac56c0e23053b21eff87e333ed4"
"01b_smd_to_cor_z_nrep1000.csv","R/internal_es_from_d.R","1e4cd2fd837e6f7c42538503cfa04fa0"
"01b_smd_to_cor_z_nrep1000.csv","R/internal_guards.R","45f3cd71d5bfbe924e633ab37359455f"
"01b_smd_to_cor_z_nrep1000.csv","simulations/R/00_config.R","772723e55736902bfdefad3bf916fd60"
"01b_smd_to_cor_z_nrep1000.csv","simulations/R/03_performance.R","c88b7747b0fb6f4a18494052d7bd2035"
"01b_smd_to_cor_z_nrep1000.csv","simulations/R/04_runner.R","d80094bb9c48609c11df7c113f4d075c"
"01b_smd_to_cor_z_nrep1000.csv","simulations/R/05_latent_2x2.R","d34841b54cb9a0bcc3bd2380ccdff01a"
"01b_smd_to_cor_z_nrep1000.csv","simulations/studies/01_smd_to_cor.R","da01c681c5cb3b83cf87661c474e2f5f"
"02a_cor_to_smd_GROUPS_nrep1000.csv","R/es_from_2x2.R","c7ace5ffb506b9f41d47371940ce8ab9"
"02a_cor_to_smd_GROUPS_nrep1000.csv","R/es_from_stand_COR.R","6b9062835175fbaec5c190290c0eaead"
"02a_cor_to_smd_GROUPS_nrep1000.csv","R/internal_es_from_d.R","1e4cd2fd837e6f7c42538503cfa04fa0"
"02a_cor_to_smd_GROUPS_nrep1000.csv","R/internal_guards.R","45f3cd71d5bfbe924e633ab37359455f"
"02a_cor_to_smd_GROUPS_nrep1000.csv","R/internal_multiple_formulas.R","81dd8277cfe90eee9ef800a7a6de435e"
"02a_cor_to_smd_GROUPS_nrep1000.csv","simulations/R/00_config.R","772723e55736902bfdefad3bf916fd60"
"02a_cor_to_smd_GROUPS_nrep1000.csv","simulations/R/03_performance.R","c88b7747b0fb6f4a18494052d7bd2035"
"02a_cor_to_smd_GROUPS_nrep1000.csv","simulations/R/04_runner.R","d80094bb9c48609c11df7c113f4d075c"
"02a_cor_to_smd_GROUPS_nrep1000.csv","simulations/R/05_latent_2x2.R","d34841b54cb9a0bcc3bd2380ccdff01a"
"02a_cor_to_smd_GROUPS_nrep1000.csv","simulations/studies/02_cor_to_smd.R","a9b90f8318e9da6edf6c45164c0a2a5d"
"02b_cor_to_smd_CONT_nrep1000.csv","R/es_from_2x2.R","c7ace5ffb506b9f41d47371940ce8ab9"
"02b_cor_to_smd_CONT_nrep1000.csv","R/es_from_stand_COR.R","6b9062835175fbaec5c190290c0eaead"
"02b_cor_to_smd_CONT_nrep1000.csv","R/internal_es_from_d.R","1e4cd2fd837e6f7c42538503cfa04fa0"
"02b_cor_to_smd_CONT_nrep1000.csv","R/internal_guards.R","45f3cd71d5bfbe924e633ab37359455f"
"02b_cor_to_smd_CONT_nrep1000.csv","R/internal_multiple_formulas.R","81dd8277cfe90eee9ef800a7a6de435e"
"02b_cor_to_smd_CONT_nrep1000.csv","simulations/R/00_config.R","772723e55736902bfdefad3bf916fd60"
"02b_cor_to_smd_CONT_nrep1000.csv","simulations/R/03_performance.R","c88b7747b0fb6f4a18494052d7bd2035"
"02b_cor_to_smd_CONT_nrep1000.csv","simulations/R/04_runner.R","d80094bb9c48609c11df7c113f4d075c"
"02b_cor_to_smd_CONT_nrep1000.csv","simulations/R/05_latent_2x2.R","d34841b54cb9a0bcc3bd2380ccdff01a"
"02b_cor_to_smd_CONT_nrep1000.csv","simulations/studies/02_cor_to_smd.R","a9b90f8318e9da6edf6c45164c0a2a5d"
"03a_2x2_to_cor_CAT_nrep1000.csv","R/es_from_2x2.R","c7ace5ffb506b9f41d47371940ce8ab9"
"03a_2x2_to_cor_CAT_nrep1000.csv","R/internal_es_from_d.R","1e4cd2fd837e6f7c42538503cfa04fa0"
"03a_2x2_to_cor_CAT_nrep1000.csv","R/internal_guards.R","45f3cd71d5bfbe924e633ab37359455f"
"03a_2x2_to_cor_CAT_nrep1000.csv","R/internal_multiple_formulas.R","81dd8277cfe90eee9ef800a7a6de435e"
"03a_2x2_to_cor_CAT_nrep1000.csv","simulations/R/00_config.R","772723e55736902bfdefad3bf916fd60"
"03a_2x2_to_cor_CAT_nrep1000.csv","simulations/R/03_performance.R","c88b7747b0fb6f4a18494052d7bd2035"
"03a_2x2_to_cor_CAT_nrep1000.csv","simulations/R/04_runner.R","d80094bb9c48609c11df7c113f4d075c"
"03a_2x2_to_cor_CAT_nrep1000.csv","simulations/R/05_latent_2x2.R","d34841b54cb9a0bcc3bd2380ccdff01a"
"03a_2x2_to_cor_CAT_nrep1000.csv","simulations/studies/03_2x2_to_cor.R","0762670858afc9c165852ab0ca04426d"
"03a_2x2_to_cor_CAT_nrep300.csv","R/es_from_2x2.R","c7ace5ffb506b9f41d47371940ce8ab9"
"03a_2x2_to_cor_CAT_nrep300.csv","R/internal_es_from_d.R","1e4cd2fd837e6f7c42538503cfa04fa0"
"03a_2x2_to_cor_CAT_nrep300.csv","R/internal_guards.R","45f3cd71d5bfbe924e633ab37359455f"
"03a_2x2_to_cor_CAT_nrep300.csv","R/internal_multiple_formulas.R","81dd8277cfe90eee9ef800a7a6de435e"
"03a_2x2_to_cor_CAT_nrep300.csv","simulations/R/00_config.R","772723e55736902bfdefad3bf916fd60"
"03a_2x2_to_cor_CAT_nrep300.csv","simulations/R/03_performance.R","c88b7747b0fb6f4a18494052d7bd2035"
"03a_2x2_to_cor_CAT_nrep300.csv","simulations/R/04_runner.R","d80094bb9c48609c11df7c113f4d075c"
"03a_2x2_to_cor_CAT_nrep300.csv","simulations/R/05_latent_2x2.R","d34841b54cb9a0bcc3bd2380ccdff01a"
"03a_2x2_to_cor_CAT_nrep300.csv","simulations/studies/03_2x2_to_cor.R","0762670858afc9c165852ab0ca04426d"
"03b_2x2_to_cor_CONT_nrep1000.csv","R/es_from_2x2.R","c7ace5ffb506b9f41d47371940ce8ab9"
"03b_2x2_to_cor_CONT_nrep1000.csv","R/internal_es_from_d.R","1e4cd2fd837e6f7c42538503cfa04fa0"
"03b_2x2_to_cor_CONT_nrep1000.csv","R/internal_guards.R","45f3cd71d5bfbe924e633ab37359455f"
"03b_2x2_to_cor_CONT_nrep1000.csv","R/internal_multiple_formulas.R","81dd8277cfe90eee9ef800a7a6de435e"
"03b_2x2_to_cor_CONT_nrep1000.csv","simulations/R/00_config.R","772723e55736902bfdefad3bf916fd60"
"03b_2x2_to_cor_CONT_nrep1000.csv","simulations/R/03_performance.R","c88b7747b0fb6f4a18494052d7bd2035"
"03b_2x2_to_cor_CONT_nrep1000.csv","simulations/R/04_runner.R","d80094bb9c48609c11df7c113f4d075c"
"03b_2x2_to_cor_CONT_nrep1000.csv","simulations/R/05_latent_2x2.R","d34841b54cb9a0bcc3bd2380ccdff01a"
"03b_2x2_to_cor_CONT_nrep1000.csv","simulations/studies/03_2x2_to_cor.R","0762670858afc9c165852ab0ca04426d"
"03b_2x2_to_cor_CONT_nrep300.csv","R/es_from_2x2.R","c7ace5ffb506b9f41d47371940ce8ab9"
"03b_2x2_to_cor_CONT_nrep300.csv","R/internal_es_from_d.R","1e4cd2fd837e6f7c42538503cfa04fa0"
"03b_2x2_to_cor_CONT_nrep300.csv","R/internal_guards.R","45f3cd71d5bfbe924e633ab37359455f"
"03b_2x2_to_cor_CONT_nrep300.csv","R/internal_multiple_formulas.R","81dd8277cfe90eee9ef800a7a6de435e"
"03b_2x2_to_cor_CONT_nrep300.csv","simulations/R/00_config.R","772723e55736902bfdefad3bf916fd60"
"03b_2x2_to_cor_CONT_nrep300.csv","simulations/R/03_performance.R","c88b7747b0fb6f4a18494052d7bd2035"
"03b_2x2_to_cor_CONT_nrep300.csv","simulations/R/04_runner.R","d80094bb9c48609c11df7c113f4d075c"
"03b_2x2_to_cor_CONT_nrep300.csv","simulations/R/05_latent_2x2.R","d34841b54cb9a0bcc3bd2380ccdff01a"
"03b_2x2_to_cor_CONT_nrep300.csv","simulations/studies/03_2x2_to_cor.R","0762670858afc9c165852ab0ca04426d"
"04_or_to_rr_nrep1000.csv","R/es_from_2x2.R","c7ace5ffb506b9f41d47371940ce8ab9"
"04_or_to_rr_nrep1000.csv","R/es_from_stand_OR.R","5ba02207195255c14aba7160b222e158"
"04_or_to_rr_nrep1000.csv","R/es_from_stand_RR.R","ff54645ff312c781669b52561b9fe37a"
"04_or_to_rr_nrep1000.csv","R/internal_es_from_d.R","1e4cd2fd837e6f7c42538503cfa04fa0"
"04_or_to_rr_nrep1000.csv","R/internal_guards.R","45f3cd71d5bfbe924e633ab37359455f"
"04_or_to_rr_nrep1000.csv","R/internal_multiple_formulas.R","81dd8277cfe90eee9ef800a7a6de435e"
"04_or_to_rr_nrep1000.csv","simulations/R/00_config.R","772723e55736902bfdefad3bf916fd60"
"04_or_to_rr_nrep1000.csv","simulations/R/03_performance.R","c88b7747b0fb6f4a18494052d7bd2035"
"04_or_to_rr_nrep1000.csv","simulations/R/04_runner.R","d80094bb9c48609c11df7c113f4d075c"
"04_or_to_rr_nrep1000.csv","simulations/R/05_latent_2x2.R","d34841b54cb9a0bcc3bd2380ccdff01a"
"04_or_to_rr_nrep1000.csv","simulations/studies/04_or_to_rr.R","67d724eebb4e3b4c38556f19c0135854"
"05_rr_to_or_nrep1000.csv","R/es_from_2x2.R","c7ace5ffb506b9f41d47371940ce8ab9"
"05_rr_to_or_nrep1000.csv","R/es_from_stand_OR.R","5ba02207195255c14aba7160b222e158"
"05_rr_to_or_nrep1000.csv","R/es_from_stand_RR.R","ff54645ff312c781669b52561b9fe37a"
"05_rr_to_or_nrep1000.csv","R/internal_es_from_d.R","1e4cd2fd837e6f7c42538503cfa04fa0"
"05_rr_to_or_nrep1000.csv","R/internal_guards.R","45f3cd71d5bfbe924e633ab37359455f"
"05_rr_to_or_nrep1000.csv","R/internal_multiple_formulas.R","81dd8277cfe90eee9ef800a7a6de435e"
"05_rr_to_or_nrep1000.csv","simulations/R/00_config.R","772723e55736902bfdefad3bf916fd60"
"05_rr_to_or_nrep1000.csv","simulations/R/03_performance.R","c88b7747b0fb6f4a18494052d7bd2035"
"05_rr_to_or_nrep1000.csv","simulations/R/04_runner.R","d80094bb9c48609c11df7c113f4d075c"
"05_rr_to_or_nrep1000.csv","simulations/R/05_latent_2x2.R","d34841b54cb9a0bcc3bd2380ccdff01a"
"05_rr_to_or_nrep1000.csv","simulations/studies/05_rr_to_or.R","2650d6e1df1a1e42de91290f168d13e2"
"06_or_se_imputation_nrep1000.csv","R/es_from_2x2.R","c7ace5ffb506b9f41d47371940ce8ab9"
"06_or_se_imputation_nrep1000.csv","R/es_from_stand_OR.R","5ba02207195255c14aba7160b222e158"
"06_or_se_imputation_nrep1000.csv","R/es_from_stand_RR.R","ff54645ff312c781669b52561b9fe37a"
"06_or_se_imputation_nrep1000.csv","R/internal_es_from_d.R","1e4cd2fd837e6f7c42538503cfa04fa0"
"06_or_se_imputation_nrep1000.csv","R/internal_guards.R","45f3cd71d5bfbe924e633ab37359455f"
"06_or_se_imputation_nrep1000.csv","R/internal_multiple_formulas.R","81dd8277cfe90eee9ef800a7a6de435e"
"06_or_se_imputation_nrep1000.csv","simulations/R/00_config.R","772723e55736902bfdefad3bf916fd60"
"06_or_se_imputation_nrep1000.csv","simulations/R/03_performance.R","c88b7747b0fb6f4a18494052d7bd2035"
"06_or_se_imputation_nrep1000.csv","simulations/R/04_runner.R","d80094bb9c48609c11df7c113f4d075c"
"06_or_se_imputation_nrep1000.csv","simulations/R/05_latent_2x2.R","d34841b54cb9a0bcc3bd2380ccdff01a"
"06_or_se_imputation_nrep1000.csv","simulations/studies/06_or_se_imputation.R","97138162df2b54ab56309fad68dc859c"
"07a_ancova_to_smd_d_nrep1000.csv","R/es_from_ANCOVA_MD.R","7593f12d84d7914dc69785c6208f6605"
"07a_ancova_to_smd_d_nrep1000.csv","R/es_from_ANCOVA_means.R","bc1e3a6bb9d461163ea703ec18c4b0ca"
"07a_ancova_to_smd_d_nrep1000.csv","R/es_from_ANOVA_means.R","88c31ac56c0e23053b21eff87e333ed4"
"07a_ancova_to_smd_d_nrep1000.csv","R/internal_es_from_d.R","1e4cd2fd837e6f7c42538503cfa04fa0"
"07a_ancova_to_smd_d_nrep1000.csv","R/internal_guards.R","45f3cd71d5bfbe924e633ab37359455f"
"07a_ancova_to_smd_d_nrep1000.csv","simulations/R/00_config.R","772723e55736902bfdefad3bf916fd60"
"07a_ancova_to_smd_d_nrep1000.csv","simulations/R/03_performance.R","c88b7747b0fb6f4a18494052d7bd2035"
"07a_ancova_to_smd_d_nrep1000.csv","simulations/R/04_runner.R","d80094bb9c48609c11df7c113f4d075c"
"07a_ancova_to_smd_d_nrep1000.csv","simulations/R/05_latent_2x2.R","d34841b54cb9a0bcc3bd2380ccdff01a"
"07a_ancova_to_smd_d_nrep1000.csv","simulations/studies/07_ancova_to_smd.R","0dd7e615442c55cb3a22fa7a4295110a"
"07b_ancova_to_smd_g_nrep1000.csv","R/es_from_ANCOVA_MD.R","7593f12d84d7914dc69785c6208f6605"
"07b_ancova_to_smd_g_nrep1000.csv","R/es_from_ANCOVA_means.R","bc1e3a6bb9d461163ea703ec18c4b0ca"
"07b_ancova_to_smd_g_nrep1000.csv","R/es_from_ANOVA_means.R","88c31ac56c0e23053b21eff87e333ed4"
"07b_ancova_to_smd_g_nrep1000.csv","R/internal_es_from_d.R","1e4cd2fd837e6f7c42538503cfa04fa0"
"07b_ancova_to_smd_g_nrep1000.csv","R/internal_guards.R","45f3cd71d5bfbe924e633ab37359455f"
"07b_ancova_to_smd_g_nrep1000.csv","simulations/R/00_config.R","772723e55736902bfdefad3bf916fd60"
"07b_ancova_to_smd_g_nrep1000.csv","simulations/R/03_performance.R","c88b7747b0fb6f4a18494052d7bd2035"
"07b_ancova_to_smd_g_nrep1000.csv","simulations/R/04_runner.R","d80094bb9c48609c11df7c113f4d075c"
"07b_ancova_to_smd_g_nrep1000.csv","simulations/R/05_latent_2x2.R","d34841b54cb9a0bcc3bd2380ccdff01a"
"07b_ancova_to_smd_g_nrep1000.csv","simulations/studies/07_ancova_to_smd.R","0dd7e615442c55cb3a22fa7a4295110a"
"08a_pre_post_to_smd_d_nrep1000.csv","R/es_from_2x2.R","c7ace5ffb506b9f41d47371940ce8ab9"
"08a_pre_post_to_smd_d_nrep1000.csv","R/es_from_ANOVA_means.R","88c31ac56c0e23053b21eff87e333ed4"
"08a_pre_post_to_smd_d_nrep1000.csv","R/es_from_PAIRED_MEANS.R","00f961a6e69ec3573747aea4c1a535ad"
"08a_pre_post_to_smd_d_nrep1000.csv","R/internal_es_from_d.R","1e4cd2fd837e6f7c42538503cfa04fa0"
"08a_pre_post_to_smd_d_nrep1000.csv","R/internal_guards.R","45f3cd71d5bfbe924e633ab37359455f"
"08a_pre_post_to_smd_d_nrep1000.csv","R/internal_multiple_formulas.R","81dd8277cfe90eee9ef800a7a6de435e"
"08a_pre_post_to_smd_d_nrep1000.csv","simulations/R/00_config.R","772723e55736902bfdefad3bf916fd60"
"08a_pre_post_to_smd_d_nrep1000.csv","simulations/R/03_performance.R","c88b7747b0fb6f4a18494052d7bd2035"
"08a_pre_post_to_smd_d_nrep1000.csv","simulations/R/04_runner.R","d80094bb9c48609c11df7c113f4d075c"
"08a_pre_post_to_smd_d_nrep1000.csv","simulations/R/05_latent_2x2.R","d34841b54cb9a0bcc3bd2380ccdff01a"
"08a_pre_post_to_smd_d_nrep1000.csv","simulations/studies/08_pre_post_to_smd.R","c0810cd72de280da127b3116ca664123"
"08b_pre_post_to_smd_g_nrep1000.csv","R/es_from_2x2.R","c7ace5ffb506b9f41d47371940ce8ab9"
"08b_pre_post_to_smd_g_nrep1000.csv","R/es_from_ANOVA_means.R","88c31ac56c0e23053b21eff87e333ed4"
"08b_pre_post_to_smd_g_nrep1000.csv","R/es_from_PAIRED_MEANS.R","00f961a6e69ec3573747aea4c1a535ad"
"08b_pre_post_to_smd_g_nrep1000.csv","R/internal_es_from_d.R","1e4cd2fd837e6f7c42538503cfa04fa0"
"08b_pre_post_to_smd_g_nrep1000.csv","R/internal_guards.R","45f3cd71d5bfbe924e633ab37359455f"
"08b_pre_post_to_smd_g_nrep1000.csv","R/internal_multiple_formulas.R","81dd8277cfe90eee9ef800a7a6de435e"
"08b_pre_post_to_smd_g_nrep1000.csv","simulations/R/00_config.R","772723e55736902bfdefad3bf916fd60"
"08b_pre_post_to_smd_g_nrep1000.csv","simulations/R/03_performance.R","c88b7747b0fb6f4a18494052d7bd2035"
"08b_pre_post_to_smd_g_nrep1000.csv","simulations/R/04_runner.R","d80094bb9c48609c11df7c113f4d075c"
"08b_pre_post_to_smd_g_nrep1000.csv","simulations/R/05_latent_2x2.R","d34841b54cb9a0bcc3bd2380ccdff01a"
"08b_pre_post_to_smd_g_nrep1000.csv","simulations/studies/08_pre_post_to_smd.R","c0810cd72de280da127b3116ca664123"
"09a_or_to_cor_CONT_nrep1000.csv","R/es_from_2x2.R","c7ace5ffb506b9f41d47371940ce8ab9"
"09a_or_to_cor_CONT_nrep1000.csv","R/es_from_stand_OR.R","5ba02207195255c14aba7160b222e158"
"09a_or_to_cor_CONT_nrep1000.csv","R/es_from_stand_RR.R","ff54645ff312c781669b52561b9fe37a"
"09a_or_to_cor_CONT_nrep1000.csv","R/internal_es_from_d.R","1e4cd2fd837e6f7c42538503cfa04fa0"
"09a_or_to_cor_CONT_nrep1000.csv","R/internal_guards.R","45f3cd71d5bfbe924e633ab37359455f"
"09a_or_to_cor_CONT_nrep1000.csv","R/internal_multiple_formulas.R","81dd8277cfe90eee9ef800a7a6de435e"
"09a_or_to_cor_CONT_nrep1000.csv","simulations/R/00_config.R","772723e55736902bfdefad3bf916fd60"
"09a_or_to_cor_CONT_nrep1000.csv","simulations/R/03_performance.R","c88b7747b0fb6f4a18494052d7bd2035"
"09a_or_to_cor_CONT_nrep1000.csv","simulations/R/04_runner.R","d80094bb9c48609c11df7c113f4d075c"
"09a_or_to_cor_CONT_nrep1000.csv","simulations/R/05_latent_2x2.R","d34841b54cb9a0bcc3bd2380ccdff01a"
"09a_or_to_cor_CONT_nrep1000.csv","simulations/studies/09_or_to_cor.R","2bfb7a5878e32646b06f967fdf9d9acc"
"09b_or_to_cor_CAT_nrep1000.csv","R/es_from_2x2.R","c7ace5ffb506b9f41d47371940ce8ab9"
"09b_or_to_cor_CAT_nrep1000.csv","R/es_from_stand_OR.R","5ba02207195255c14aba7160b222e158"
"09b_or_to_cor_CAT_nrep1000.csv","R/es_from_stand_RR.R","ff54645ff312c781669b52561b9fe37a"
"09b_or_to_cor_CAT_nrep1000.csv","R/internal_es_from_d.R","1e4cd2fd837e6f7c42538503cfa04fa0"
"09b_or_to_cor_CAT_nrep1000.csv","R/internal_guards.R","45f3cd71d5bfbe924e633ab37359455f"
"09b_or_to_cor_CAT_nrep1000.csv","R/internal_multiple_formulas.R","81dd8277cfe90eee9ef800a7a6de435e"
"09b_or_to_cor_CAT_nrep1000.csv","simulations/R/00_config.R","772723e55736902bfdefad3bf916fd60"
"09b_or_to_cor_CAT_nrep1000.csv","simulations/R/03_performance.R","c88b7747b0fb6f4a18494052d7bd2035"
"09b_or_to_cor_CAT_nrep1000.csv","simulations/R/04_runner.R","d80094bb9c48609c11df7c113f4d075c"
"09b_or_to_cor_CAT_nrep1000.csv","simulations/R/05_latent_2x2.R","d34841b54cb9a0bcc3bd2380ccdff01a"
"09b_or_to_cor_CAT_nrep1000.csv","simulations/studies/09_or_to_cor.R","2bfb7a5878e32646b06f967fdf9d9acc"
"10a_icc_agreement_coverage_nrep1000.csv","R/es_from_ICC.R","455f0e2bd3fa6bc8874b333a851fdf33"
"10a_icc_agreement_coverage_nrep1000.csv","R/internal_flags.R","2f36fb5abc22de35ef94fb56cf8273a7"
"10a_icc_agreement_coverage_nrep1000.csv","R/internal_guards.R","45f3cd71d5bfbe924e633ab37359455f"
"10a_icc_agreement_coverage_nrep1000.csv","simulations/R/00_config.R","772723e55736902bfdefad3bf916fd60"
"10a_icc_agreement_coverage_nrep1000.csv","simulations/R/03_performance.R","c88b7747b0fb6f4a18494052d7bd2035"
"10a_icc_agreement_coverage_nrep1000.csv","simulations/R/04_runner.R","d80094bb9c48609c11df7c113f4d075c"
"10a_icc_agreement_coverage_nrep1000.csv","simulations/R/05_latent_2x2.R","d34841b54cb9a0bcc3bd2380ccdff01a"
"10a_icc_agreement_coverage_nrep1000.csv","simulations/studies/10_reliability.R","840342ce1d9ea902eccec7d3b0868983"
"10b_v36_false_positive_reps400.csv","R/es_from_ICC.R","455f0e2bd3fa6bc8874b333a851fdf33"
"10b_v36_false_positive_reps400.csv","R/internal_flags.R","2f36fb5abc22de35ef94fb56cf8273a7"
"10b_v36_false_positive_reps400.csv","R/internal_guards.R","45f3cd71d5bfbe924e633ab37359455f"
"10b_v36_false_positive_reps400.csv","simulations/R/00_config.R","772723e55736902bfdefad3bf916fd60"
"10b_v36_false_positive_reps400.csv","simulations/R/03_performance.R","c88b7747b0fb6f4a18494052d7bd2035"
"10b_v36_false_positive_reps400.csv","simulations/R/04_runner.R","d80094bb9c48609c11df7c113f4d075c"
"10b_v36_false_positive_reps400.csv","simulations/R/05_latent_2x2.R","d34841b54cb9a0bcc3bd2380ccdff01a"
"10b_v36_false_positive_reps400.csv","simulations/studies/10_reliability.R","840342ce1d9ea902eccec7d3b0868983"
"11a_alpha_vs_omega_nrep1000.csv","R/es_from_ALPHA.R","aae712d158b1bc05c6a509fecff5cb41"
"11a_alpha_vs_omega_nrep1000.csv","R/es_from_OMEGA.R","d7010f487341b9ed9cdaeccd4d8aa954"
"11a_alpha_vs_omega_nrep1000.csv","R/internal_guards.R","45f3cd71d5bfbe924e633ab37359455f"
"11a_alpha_vs_omega_nrep1000.csv","simulations/R/00_config.R","772723e55736902bfdefad3bf916fd60"
"11a_alpha_vs_omega_nrep1000.csv","simulations/R/03_performance.R","c88b7747b0fb6f4a18494052d7bd2035"
"11a_alpha_vs_omega_nrep1000.csv","simulations/R/04_runner.R","d80094bb9c48609c11df7c113f4d075c"
"11a_alpha_vs_omega_nrep1000.csv","simulations/R/05_latent_2x2.R","d34841b54cb9a0bcc3bd2380ccdff01a"
"11a_alpha_vs_omega_nrep1000.csv","simulations/studies/11_reliability_se.R","c44e5b39701b4e80875166b947753d39"
"11a_benchmark_gate_reps1.csv","R/es_from_ALPHA.R","aae712d158b1bc05c6a509fecff5cb41"
"11a_benchmark_gate_reps1.csv","R/es_from_OMEGA.R","d7010f487341b9ed9cdaeccd4d8aa954"
"11a_benchmark_gate_reps1.csv","R/internal_guards.R","45f3cd71d5bfbe924e633ab37359455f"
"11a_benchmark_gate_reps1.csv","simulations/R/00_config.R","772723e55736902bfdefad3bf916fd60"
"11a_benchmark_gate_reps1.csv","simulations/R/03_performance.R","c88b7747b0fb6f4a18494052d7bd2035"
"11a_benchmark_gate_reps1.csv","simulations/R/04_runner.R","d80094bb9c48609c11df7c113f4d075c"
"11a_benchmark_gate_reps1.csv","simulations/R/05_latent_2x2.R","d34841b54cb9a0bcc3bd2380ccdff01a"
"11a_benchmark_gate_reps1.csv","simulations/studies/11_reliability_se.R","c44e5b39701b4e80875166b947753d39"
"11a_delta_paired_reps1000.csv","R/es_from_ALPHA.R","aae712d158b1bc05c6a509fecff5cb41"
"11a_delta_paired_reps1000.csv","R/es_from_OMEGA.R","d7010f487341b9ed9cdaeccd4d8aa954"
"11a_delta_paired_reps1000.csv","R/internal_guards.R","45f3cd71d5bfbe924e633ab37359455f"
"11a_delta_paired_reps1000.csv","simulations/R/00_config.R","772723e55736902bfdefad3bf916fd60"
"11a_delta_paired_reps1000.csv","simulations/R/03_performance.R","c88b7747b0fb6f4a18494052d7bd2035"
"11a_delta_paired_reps1000.csv","simulations/R/04_runner.R","d80094bb9c48609c11df7c113f4d075c"
"11a_delta_paired_reps1000.csv","simulations/R/05_latent_2x2.R","d34841b54cb9a0bcc3bd2380ccdff01a"
"11a_delta_paired_reps1000.csv","simulations/studies/11_reliability_se.R","c44e5b39701b4e80875166b947753d39"
"11a_stability_reps1000.csv","R/es_from_ALPHA.R","aae712d158b1bc05c6a509fecff5cb41"
"11a_stability_reps1000.csv","R/es_from_OMEGA.R","d7010f487341b9ed9cdaeccd4d8aa954"
"11a_stability_reps1000.csv","R/internal_guards.R","45f3cd71d5bfbe924e633ab37359455f"
"11a_stability_reps1000.csv","simulations/R/00_config.R","772723e55736902bfdefad3bf916fd60"
"11a_stability_reps1000.csv","simulations/R/03_performance.R","c88b7747b0fb6f4a18494052d7bd2035"
"11a_stability_reps1000.csv","simulations/R/04_runner.R","d80094bb9c48609c11df7c113f4d075c"
"11a_stability_reps1000.csv","simulations/R/05_latent_2x2.R","d34841b54cb9a0bcc3bd2380ccdff01a"
"11a_stability_reps1000.csv","simulations/studies/11_reliability_se.R","c44e5b39701b4e80875166b947753d39"
"11b_loading_shape_nrep1000.csv","R/es_from_ALPHA.R","aae712d158b1bc05c6a509fecff5cb41"
"11b_loading_shape_nrep1000.csv","R/es_from_OMEGA.R","d7010f487341b9ed9cdaeccd4d8aa954"
"11b_loading_shape_nrep1000.csv","R/internal_guards.R","45f3cd71d5bfbe924e633ab37359455f"
"11b_loading_shape_nrep1000.csv","simulations/R/00_config.R","772723e55736902bfdefad3bf916fd60"
"11b_loading_shape_nrep1000.csv","simulations/R/03_performance.R","c88b7747b0fb6f4a18494052d7bd2035"
"11b_loading_shape_nrep1000.csv","simulations/R/04_runner.R","d80094bb9c48609c11df7c113f4d075c"
"11b_loading_shape_nrep1000.csv","simulations/R/05_latent_2x2.R","d34841b54cb9a0bcc3bd2380ccdff01a"
"11b_loading_shape_nrep1000.csv","simulations/studies/11_reliability_se.R","c44e5b39701b4e80875166b947753d39"
"11c_meta_propagation_reps2000.csv","R/es_from_ALPHA.R","aae712d158b1bc05c6a509fecff5cb41"
"11c_meta_propagation_reps2000.csv","R/es_from_OMEGA.R","d7010f487341b9ed9cdaeccd4d8aa954"
"11c_meta_propagation_reps2000.csv","R/internal_guards.R","45f3cd71d5bfbe924e633ab37359455f"
"11c_meta_propagation_reps2000.csv","simulations/R/00_config.R","772723e55736902bfdefad3bf916fd60"
"11c_meta_propagation_reps2000.csv","simulations/R/03_performance.R","c88b7747b0fb6f4a18494052d7bd2035"
"11c_meta_propagation_reps2000.csv","simulations/R/04_runner.R","d80094bb9c48609c11df7c113f4d075c"
"11c_meta_propagation_reps2000.csv","simulations/R/05_latent_2x2.R","d34841b54cb9a0bcc3bd2380ccdff01a"
"11c_meta_propagation_reps2000.csv","simulations/studies/11_reliability_se.R","c44e5b39701b4e80875166b947753d39"
"11d_bifactor_identity_reps1.csv","R/es_from_ALPHA.R","aae712d158b1bc05c6a509fecff5cb41"
"11d_bifactor_identity_reps1.csv","R/es_from_OMEGA.R","d7010f487341b9ed9cdaeccd4d8aa954"
"11d_bifactor_identity_reps1.csv","R/internal_guards.R","45f3cd71d5bfbe924e633ab37359455f"
"11d_bifactor_identity_reps1.csv","simulations/R/00_config.R","772723e55736902bfdefad3bf916fd60"
"11d_bifactor_identity_reps1.csv","simulations/R/03_performance.R","c88b7747b0fb6f4a18494052d7bd2035"
"11d_bifactor_identity_reps1.csv","simulations/R/04_runner.R","d80094bb9c48609c11df7c113f4d075c"
"11d_bifactor_identity_reps1.csv","simulations/R/05_latent_2x2.R","d34841b54cb9a0bcc3bd2380ccdff01a"
"11d_bifactor_identity_reps1.csv","simulations/studies/11_reliability_se.R","c44e5b39701b4e80875166b947753d39"
"11d_bonett_se_by_k_reps1.csv","R/es_from_ALPHA.R","aae712d158b1bc05c6a509fecff5cb41"
"11d_bonett_se_by_k_reps1.csv","R/es_from_OMEGA.R","d7010f487341b9ed9cdaeccd4d8aa954"
"11d_bonett_se_by_k_reps1.csv","R/internal_guards.R","45f3cd71d5bfbe924e633ab37359455f"
"11d_bonett_se_by_k_reps1.csv","simulations/R/00_config.R","772723e55736902bfdefad3bf916fd60"
"11d_bonett_se_by_k_reps1.csv","simulations/R/03_performance.R","c88b7747b0fb6f4a18494052d7bd2035"
"11d_bonett_se_by_k_reps1.csv","simulations/R/04_runner.R","d80094bb9c48609c11df7c113f4d075c"
"11d_bonett_se_by_k_reps1.csv","simulations/R/05_latent_2x2.R","d34841b54cb9a0bcc3bd2380ccdff01a"
"11d_bonett_se_by_k_reps1.csv","simulations/studies/11_reliability_se.R","c44e5b39701b4e80875166b947753d39"
"11d_hw_weight_ratio_reps1.csv","R/es_from_ALPHA.R","aae712d158b1bc05c6a509fecff5cb41"
"11d_hw_weight_ratio_reps1.csv","R/es_from_OMEGA.R","d7010f487341b9ed9cdaeccd4d8aa954"
"11d_hw_weight_ratio_reps1.csv","R/internal_guards.R","45f3cd71d5bfbe924e633ab37359455f"
"11d_hw_weight_ratio_reps1.csv","simulations/R/00_config.R","772723e55736902bfdefad3bf916fd60"
"11d_hw_weight_ratio_reps1.csv","simulations/R/03_performance.R","c88b7747b0fb6f4a18494052d7bd2035"
"11d_hw_weight_ratio_reps1.csv","simulations/R/04_runner.R","d80094bb9c48609c11df7c113f4d075c"
"11d_hw_weight_ratio_reps1.csv","simulations/R/05_latent_2x2.R","d34841b54cb9a0bcc3bd2380ccdff01a"
"11d_hw_weight_ratio_reps1.csv","simulations/studies/11_reliability_se.R","c44e5b39701b4e80875166b947753d39"
"11d_tau_equivalence_premise_reps1.csv","R/es_from_ALPHA.R","aae712d158b1bc05c6a509fecff5cb41"
"11d_tau_equivalence_premise_reps1.csv","R/es_from_OMEGA.R","d7010f487341b9ed9cdaeccd4d8aa954"
"11d_tau_equivalence_premise_reps1.csv","R/internal_guards.R","45f3cd71d5bfbe924e633ab37359455f"
"11d_tau_equivalence_premise_reps1.csv","simulations/R/00_config.R","772723e55736902bfdefad3bf916fd60"
"11d_tau_equivalence_premise_reps1.csv","simulations/R/03_performance.R","c88b7747b0fb6f4a18494052d7bd2035"
"11d_tau_equivalence_premise_reps1.csv","simulations/R/04_runner.R","d80094bb9c48609c11df7c113f4d075c"
"11d_tau_equivalence_premise_reps1.csv","simulations/R/05_latent_2x2.R","d34841b54cb9a0bcc3bd2380ccdff01a"
"11d_tau_equivalence_premise_reps1.csv","simulations/studies/11_reliability_se.R","c44e5b39701b4e80875166b947753d39"
"11e_floor_detector_reps1000.csv","R/es_from_ALPHA.R","aae712d158b1bc05c6a509fecff5cb41"
"11e_floor_detector_reps1000.csv","R/es_from_OMEGA.R","d7010f487341b9ed9cdaeccd4d8aa954"
"11e_floor_detector_reps1000.csv","R/internal_guards.R","45f3cd71d5bfbe924e633ab37359455f"
"11e_floor_detector_reps1000.csv","simulations/R/00_config.R","772723e55736902bfdefad3bf916fd60"
"11e_floor_detector_reps1000.csv","simulations/R/03_performance.R","c88b7747b0fb6f4a18494052d7bd2035"
"11e_floor_detector_reps1000.csv","simulations/R/04_runner.R","d80094bb9c48609c11df7c113f4d075c"
"11e_floor_detector_reps1000.csv","simulations/R/05_latent_2x2.R","d34841b54cb9a0bcc3bd2380ccdff01a"
"11e_floor_detector_reps1000.csv","simulations/studies/11_reliability_se.R","c44e5b39701b4e80875166b947753d39"
"11e_floor_sweep_nrep1000.csv","R/es_from_ALPHA.R","aae712d158b1bc05c6a509fecff5cb41"
"11e_floor_sweep_nrep1000.csv","R/es_from_OMEGA.R","d7010f487341b9ed9cdaeccd4d8aa954"
"11e_floor_sweep_nrep1000.csv","R/internal_guards.R","45f3cd71d5bfbe924e633ab37359455f"
"11e_floor_sweep_nrep1000.csv","simulations/R/00_config.R","772723e55736902bfdefad3bf916fd60"
"11e_floor_sweep_nrep1000.csv","simulations/R/03_performance.R","c88b7747b0fb6f4a18494052d7bd2035"
"11e_floor_sweep_nrep1000.csv","simulations/R/04_runner.R","d80094bb9c48609c11df7c113f4d075c"
"11e_floor_sweep_nrep1000.csv","simulations/R/05_latent_2x2.R","d34841b54cb9a0bcc3bd2380ccdff01a"
"11e_floor_sweep_nrep1000.csv","simulations/studies/11_reliability_se.R","c44e5b39701b4e80875166b947753d39"
"11e_floor_verdict_reps1000.csv","R/es_from_ALPHA.R","aae712d158b1bc05c6a509fecff5cb41"
"11e_floor_verdict_reps1000.csv","R/es_from_OMEGA.R","d7010f487341b9ed9cdaeccd4d8aa954"
"11e_floor_verdict_reps1000.csv","R/internal_guards.R","45f3cd71d5bfbe924e633ab37359455f"
"11e_floor_verdict_reps1000.csv","simulations/R/00_config.R","772723e55736902bfdefad3bf916fd60"
"11e_floor_verdict_reps1000.csv","simulations/R/03_performance.R","c88b7747b0fb6f4a18494052d7bd2035"
"11e_floor_verdict_reps1000.csv","simulations/R/04_runner.R","d80094bb9c48609c11df7c113f4d075c"
"11e_floor_verdict_reps1000.csv","simulations/R/05_latent_2x2.R","d34841b54cb9a0bcc3bd2380ccdff01a"
"11e_floor_verdict_reps1000.csv","simulations/studies/11_reliability_se.R","c44e5b39701b4e80875166b947753d39"
